Cinderrella,4.9148718175
HTC_Speaker,4.1613680022
Page-ReadinG,3.6821450764
-Smartphone,7.0293837777
eBay,6.4996870826
Model)32GB,5.1335389084
Sleeve/Case,4.511883361
iphone/Samsung/HTC,5.7067177823
blackberry,7.1731862684
desire816G,6.1172712957
SILVER/Gold,4.8549130223
Windows/Android,5.357934847
M7-M8,5.1105897103
4G-LTE,6.480006943
Sleeve/Cover,4.1430148003
Samsung/LG/Sony/HTC,5.0453229788
verizon),6.5763413502
USB,6.9074113608
Sprint)(Bad,6.2355284469
T-Mobile,6.6095944092
Gray,6.4329692909
iPhone6,6.846955325
Cable,6.5340261061
Bluetooth,6.728353782
Gunmetal,5.3031960574
TexansCheer,3.785329835
Wireless,6.7411515989
Charger+Micro,6.318063335
4G,7.6794278966
ESN/IMEI,4.2329961104
8GB,6.4456042033
Slot,6.42975228
AT&T,7.1760912591
16GB,6.7339992865
Galaxy,7.252853031
PARTS,6.4712917111
Stereo,6.469822016
Flagship,6.3364597338
dual-SIM,6.4742162641
Charger,6.5575072019
Factory,6.4593924878
CDEALS10,4.3031960574
Skin,6.3926969533
Headset,6.4199557485
Model,6.8221680794
HTConeSleeve,3.9943171527
Cellphone,6.7442929831
Touchscreen,6.7379873263
apple,7.3783979009
Headphone,7.3560258572
Aero,5.6095944092
today,6.6766936096
Sony,7.372912003
photos,7.1553360375
Year,7.1846914308
1pcs,4.948901761
freestyle,5.0413926852
LGIndiaTwe,6.5211380837
HANDSET,7.4440447959
+MINI,7.1643528558
Gold/Silver,5.0253058653
HTCOneM9,6.7355988997
Device,7.3654879849
RECAMERA-W,1.5563025008
GSM,6.6589648427
Nexus,6.6711728427
HTConeMax,6.2405492483
BATTERY,6.6748611407
S3S4,5.7411515989
myTouch,5.9717395909
Protector,6.4232458739
‚Ü∫,7.1958996524
thanksüòÄ,3.9795483747
White,7.1335389084
Condition/slightly,3.3053513694
weekend‚ùóÔ∏èüëØ,3.8088858674
Repair,6.531478917
EVO,6.3263358609
EmperorLeather,1.414973348
AUDIO,6.7611758132
WiFi,7.3560258572
Speck,5.5340261061
iPad,7.3324384599
Harman/Kardon,5.651278014
birthdayüéâ,3.5705429399
Nokia/htc,5.9518230353
Designer,6.8494194138
Edition(Latest,6.593286067
follower,6.0530784435
Motorola,7.1875207208
Hardware,6.6739419986
Kickstand,6.0453229788
summer,6.4842998393
CARBON,6.1271047984
Grip,6.1583624921
BestMaleAthlete,2.4578818967
Sticker,5.982271233
Resale,5.1875207208
EXTRAS,6.0253058653
morning,6.2810333672
Shipping/30-day,1.6232492904
Impact,6.3201462861
fall,6.2671717284
description,6.4653828514
Candyshell,4.5820633629
Data,7.0374264979
DNA,6.1461280357
Wrap,6.1003705451
G23,4.9410142437
Cricket,6.3263358609
angelXwind,3.2504200023
update,7.0170333393
Faceplate,5.1492191127
PS3,6.4913616938
Thursday,6.2504200023
Bids)End,5.9991305413
Clip-On,5.2380461031
Panels,6.5158738437
colors,6.6599162001
SunGlasse,5.7781512504
Sync,6.4563660331
release-key,3.6334684556
wildfire,6.2479732664
SupportMissTanakpur,0
HTC_Liz,3.5263392774
Hybrid,6.3560258572
GreenGoat,3.6424645202
GUDwQI,4.4842998393
front/rear,4.4329692909
Brand,6.6627578317
Display,7.096910013
Wallet,6.2479732664
SV,6.1303337685
4FT,4.374748346
Sumsung,7.348304863
Earphone,6.5145477527
4X,6.2504200023
AUX,6.1430148003
M/M,5.5611013836
OPTIMUS,6.5797835966
L9,5.9041743683
RAVPower,5.2810333672
Cardboard,6.0644579892
Otterbox,5.9943171527
G3,6.6720978579
Features,6.863917377
Windows8,7.260071388
Frame,6.3802112417
Holder,6.1522883444
Lollipop,6.4712917111
Review,7.2095150145
WATERPROOF,6.260071388
shipments,6.542825427
HTC‚Äô,7.7050079593
Sparkle,5.3802112417
Anybody,6.434568904
TPU/PC,4.6009728957
Snapdragon,6.4216039269
June,6.57863921
-inch,7.0334237555
New+Gift,6.50242712
Bank,6.9122220565
Fibre,6.0718820073
Contract/free,4.7937903847
HTCUSA,4.9731278536
Rumor,6.492760389
S511,4.3909351071
meantime,5.4031205212
Grey,6.434568904
Diamond,5.5751878449
Huawei,6.8744818177
Vinyl,5.9415114326
CEO,6.3201462861
VX,5.5921767574
Navy,6.278753601
Shop,7.2718416065
Wrist,5.9314578707
Accessories,6.8633228601
Google‚Äô,7.3242824553
foxstarhindi,1.3010299957
S4/Note2/Note3/,4.593286067
price,7.1205739312
material,6.5477747054
Quad-Core,6.4132997641
Phones,7.3710678623
6pc,4.542825427
Batteries,6.9858753573
Z2,6.4199557485
Cher,5.8202014595
Wang,5.5211380837
Snipe,5.5301996982
AshleyüòÅüòÅ,3.6020599913
Lumia920,6.4983105538
SIII,6.3961993471
Cluster,5.4183012913
S6318,0
Kitty,5.8208579894
HTCLoveLineUp,1.6989700043
promotion,6.5211380837
sense,6.1139433523
HoustonTexansFan,3.5224442335
‚úàÔ∏èAtlanta,4.414973348
issues,6.6963563887
Variant,6.0374264979
picture,7.3636119799
HTC_AshleyR,3.3521825181
HTC_Lesha,3.4742162641
BK,5.5670263662
Sequin,4.3404441148
E8,6.2380461031
LCD,6.6031443726
ALUMINUM,6.1731862684
GORILLA,6.2253092817
Rezound,5.5751878449
Silicone,6.0170333393
tomorrow,6.206825876
decal,6.0453229788
m7/8,4.1846914308
TeamHTC,4.5211380837
TechoTweet,3.9025467793
workout,5.5774917998
reasons,6.3404441148
Cheerleader,4.8536982118
+Car,6.7307822757
U8,5.2405492483
B09,4.1643528558
Solar,6.2741578493
Slim,6.3873898263
htconem7,6.2504200023
+Film,6.5105450102
Windshield,5.2741578493
CNETNew,3.638489257
HTC_Callie,3.4983105538
Thunderbolt,5.7403626895
HoustonTexan,4.4329692909
ADAPTER+10FT,4.7474118079
conversion,6.1072099696
capacity,6.4232458739
HTC_Mikaley,1.6434526765
Girls,6.7846172926
HTC_IN,5.4814426285
HTConeMini,6.2405492483
bruddas,1.3979400087
Hima,5.0170333393
Sensation,6.2810333672
HTC_Libby,3.6454222693
Victor,5.7686381012
Hello,6.3324384599
A2,5.8299466959
Matte,5.8375884382
phoneradarblog,1.6334684556
Shockproof,5.2671717284
HTC_Randi,3.5051499783
georgeda1st,0
Handfree,5.8893017025
microSD,6.4742162641
something,6.8864907252
Pink,6.3856062736
HTC_Yuki,3.5453071165
3Pack,5.0718820073
video,7.3502480183
WAYNE,5.8998205024
Case+Car,6.5453071165
Bumper,6.0681858617
HTC_Kristy,3.7937903847
Friday,6.3404441148
Guard,5.9642596302
Amazon,7.1335389084
Digitizer,5.9556877503
Root,6.620136055
trip,6.0569048513
ACID,5.469822016
HTC_Rachel,3.4871383755
IMEI,6.1303337685
HTC_Kelly,3.5526682161
BC7,4.0569048513
source,6.8273692731
superfast,4.7604224834
OnePlus,6.3873898263
HTC_Antonieta,3.591064607
_A9,5.8369567371
MONEY,6.9063350418
everyone,6.361727836
LGG4,4.2671717284
HTC_SarahC,3.5010592622
makeup,5.8796692056
Comparison,6.7395723445
poster,6.1789769473
Octa-Core,6.1335389084
180tablet,3.45331834
Quality,6.778874472
Reality,6.7466341989
HTC_Chelsea,3.4871383755
BLINKY,5.1335389084
Anti-Scratch,4.8893017025
Eye,6.4409090821
football,6.2764618042
Bling,5.6294095991
Gifts,6.5263392774
Q4,5.6424645202
help,7.3463529745
Assembly,6.0211892991
A/C,6.198657087
How-To,7.2479732664
Vena,4.2988530764
RINGO,4.361727836
Amber,5.630427875
8MP,6.0569048513
HTC_Kimberly,3.5502283531
details,6.869818208
DIARY,5.688419822
3D,7.3541084391
Handsfree,5.869818208
GT40,4.252853031
ladies,6.6683859167
beauty,6.3710678623
FRB,4.357934847
tonight,5.9100905456
Apexel¬Æ,4.096910013
questions,6.591064607
Protection,6.5224442335
HTC_Texana,1.6812412374
moment,6.3856062736
HTC_Emily,3.3404441148
Prepaid,6.45331834
marketing,6.4048337166
thx,5.6570558529
3G,6.965201701
number,7.0827853703
Wi-Fi,7.1875207208
S720e,5.1702617154
Contest,6.357934847
fixes,6.5843312244
UltraPixel,5.7860412102
Nothing,6.372912003
Ô∏èLove,1.6232492904
processor,6.4517864355
virginmobile,6.1702617154
functionality,6.6085260336
Sport,7.2253092817
production,6.3138672204
Nacodex,3.8401060945
selfie,6.2671717284
friend,6.810232518
pamdoraboxx,1.5185139399
AUTUMN,5.2576785749
Universal,5.5526682161
Saturday,6.2121876044
CDMA,6.3996737215
cruise,6.214843848
New+Extra,6.4471580313
Lens,6.3201462861
Unlock,6.6424645202
Wednesday,6.1583624921
stuff,6.4313637642
feet,6.2455126678
gizbotcom,1.531478917
guys,6.559906625
care,6.5587085705
anything,6.42975228
announcements,6.4440447959
Remix,6.1430148003
October,6.5105450102
season,6.2922560714
4MP,4.9637878273
HTC_Daranesha,1.6334684556
U.S.,6.50242712
Association,6.0170333393
beache,6.1673173347
dad,6.3053513694
HTC_Karrie,3.531478917
concrete,5.5415792439
Action,6.5224442335
Armor,6.1875207208
mayankshivu,1.1139433523
Player,6.8808135923
fitne,6.5550944486
dream,5.7909884751
software,7.1072099696
location,6.8122446968
CoachKayyy,1.5051499783
Chevron,5.0492180227
storage,6.7363965023
months,6.6190933306
pledge,5.0253058653
Leaks,6.2922560714
mistake,6.0934216852
HTC_Delaney,3.3996737215
pickup,6.096910013
lighting,6.6063813651
Hight,6.9247959958
Jacksonville,4.9916690074
SERVICE,7.3364597338
Europe,6.7209857442
campüëØ,4.0086001718
shotwithRE,3.2878017299
Tempered,5.7686381012
_youhadonejob,3.7944880467
holster,5.8149131813
Email,7.1335389084
Articles,6.5740312677
Replacement,6.4842998393
resinflor,3.4517864355
Hebrew,5.480006943
Androidheadline,4.5888317256
Verizon/PagePlu,4.1139433523
Facebook,7.214843848
4/4S/5/5S/,5.9052560487
KenyanHustler,0
HTC_Sleeves,2.7693773261
20MP,5.2041199827
Regenersis,4.0827853703
Battle,6.3201462861
look,6.7041505168
Broken,6.4502491083
field,6.374748346
technology,7.1673173347
GHz,6.348304863
Flex,6.3873898263
July,6.463892989
pro2,6.2278867046
Clean,6.45484486
signal,6.3424226808
SIDES,6.5587085705
difference,6.4377505628
MegaPixel,6.7218106152
Digital,7.1643528558
Dock,6.3031960574
smile,5.9532763367
ZTE,6.7458551952
deja,5.9772662124
Twitter,6.9717395909
the–ì‚Äö–í,2.9329808219
United,6.6127838567
States,6.9074113608
Idris,4.4048337166
family,6.6414741105
chance,6.2718416065
Vintage,6.0128372247
cake,5.9726655923
Commuter,5.3996737215
FoneArena,5.3560258572
Bracelet,6.0374264979
MiFi's,3.587710965
Items,6.5575072019
Novatel,5.0453229788
belt,6.1172712957
Report,6.9138138524
Lynch/AndroidOrigin,0
room,6.4593924878
shit,0
Desktop,7.0899051114
Station,6.3820170426
channels,6.5682017241
SalonEJS,6.2764618042
luck,6.2355284469
texanmexan101,0
contact,7.3909351071
Virtual,6.4082399653
Quick,6.614897216
hero,6.1522883444
world,7.0086001718
Menu,6.7143297597
firmware,7.3283796034
Defender,5.927370363
HTC_JordanRandi,1.5797835966
LEBOWSKI,4.1303337685
everything,6.5171958979
congratulations,5.414973348
apolo,5.6364878964
HTC_Allison,3.5809249757
Nano,6.3463529745
KAV2,2.5705429399
blog,7.0413926852
anoldfoolssack,4.549003262
talk,6.6589648427
text,6.7656685548
KIWI,5.2624510897
Mixed,5.9370161075
GPS,6.8027737253
title,6.4216039269
Flyer,5.7895807122
816G,5.3201462861
Felt/Leather,3.4393326938
HTC_SarahM,1.6720978579
Package,6.5105450102
Truck,6.096910013
Mount,6.260071388
2TB,5.3783979009
Multimedia,6.5289167003
Rock,6.3159703455
step,6.480006943
School,6.50242712
Bulk,6.3598354823
default,6.6803355134
SOLUTION,6.6394864893
shark,5.7331972651
Honor,6.2900346114
backup,7.0606978404
Boneyard,1.1461280357
DESSERTS,5.6180480967
viveksrn,0
caption,5.5078558717
paytm,4.9708116109
johnericepuc,0
fbf,4.096910013
Competitor,6.4393326938
fanboy,5.2833012287
MCrwAD,4.4771212547
Refur,6.2013971243
Someone,6.4502491083
shimonips,1.3010299957
GhostAdventure,4.1072099696
OPENER,5.4563660331
King,6.3304137733
accord,4.8561244442
bug,6.374748346
transformer,6.1760912591
Receiver,6.2430380487
Ipod,6.6720978579
Egypt,5.9722028384
LRX22G,4.1367205672
pricing,7.3159703455
CMO,7.480006943
JasonMacHTC,3.542825427
error,6.5440680444
trouble,6.8802417759
afternoon,5.710963119
Monopod,5.4563660331
CONT)network,4.9111576087
kindle,6.4216039269
DawudBrown,3.7930916002
Performance,6.5682017241
Lamachine660,0
MINT,6.0043213738
TMobile(a,6.611723308
suggestion,6.6848453616
god,6.1335389084
HTC_Elizabeth,3.4313637642
Phoenix's,6.096910013
fingerprint,6.0934216852
opinion,6.8155777483
snapchat,5.6683859167
babesüòä,5.9309490312
lady,6.0644579892
rain,5.9599948383
Circles,6.2329961104
Pattern,6.1398790864
SanDisk,6.0569048513
TamrikoA,7.3324384599
BNIB,4.5865873047
toptechticker,0
disconnections,6.7250945211
Zak_Bagan,3.8627275283
womens,6.630427875
