6,166,254,488,692,967,1058,1073,1176,1227,1294,1323,1342,1423,1649,1704,1750,1932,2010,2322,2467,2535,2801,2865,2919,3009,3131,3257,3278,3344,3399,3417,3459,3553,3656,3692,3701,3775,4059,4197,4252,4305,4552,4583,4648,4717,4892,5177,5413,5429,5507,5522,5624,5819,5891,6063,6124,6144,6271,6461,6620,6656,6734,6906,7122,7147,7207,7246,7284,7393,7528,7606,7644,7744,7946,8109,8195,8350,8458,8480,8609,8740,8975,9075,9198,9245,9296,9579,10016,10043,10190,10371,10597,10674,10865,10941,10950,11003,11104,11414,11672,11736,11750,11810,11921,11990,12254,12270,12558,12614,12679,12847,12968,13017,13046,13203,13235,13250,13340,13350,13351,13413,13443,13527,13613,13651,13911,14181,14232,14724,15034,15105,15195,15579,15614,15666,15700,15792,16103,16350,16378,16411,16459,16475,16618,16754,16760,16959,17136,17175,17480,17495,17498,17836,17924
153,162,283,335,435,547,564,667,673,690,743,801,849,861,925,1118,1172,1224,1235,1246,1393,1399,1451,1514,1527,1667,1697,1719,1746,1754,1812,1853,1862,1886,1948,1989,2018,2050,2072,2154,2279,2314,2325,2327,2405,2494,2573,2575,2636,2671,2772,2907,2929,2951,2992,2999,3017,3045,3164,3218,3307,3351,3387,3424,3457,3609,3643,3646,3673,3683,3738,3772,3784,3830,3843,3865,3868,3882,3885,3970,4105,4108,4195,4217,4248,4288,4360,4411,4524,4586,4611,4652,4683,4780,4814,4852,4870,5003,5011,5094,5209,5332,5388,5410,5504,5525,5605,5611,5650,5654,5742,5747,5765,5789,5886,6001,6015,6094,6146,6149,6218,6225,6315,6340,6365,6377,6478,6765,6852,6894,6954,6957,7071,7165,7205,7271,7285,7307,7409,7486,7499,7608,7613,7694,7699,7717,7738,7941,7979,8060,8095,8198,8275,8299,8430,8467,8478,8519,8529,8563,8719,8749,8782,8810,9000,9017,9082,9090,9156,9283,9381,9397,9532,9592,9628,9691,9779,9801,9873,9913,10028,10058,10235,10264,10346,10354,10382,10390,10652,10677,10758,10765,10774,10779,10859,10861,10873,11079,11160,11180,11217,11222,11267,11292,11331,11390,11571,11599,11636,11687,11694,11696,11745,12058,12117,12223,12245,12428,12508,12592,12636,12647,12771,12874,12886,12926,12942,13004,13018,13131,13149,13384,13576,13681,13707,13759,13762,13768,13856,13878,13880,13955,14059,14150,14230,14238,14316,14382,14387,14497,14504,14570,14587,14590,14632,14651,14723,14773,14876,14913,14949,14983,14989,15018,15023,15028,15037,15122,15158,15215,15317,15566,15616,15733,15736,15824,15871,15984,15988,15998,16117,16199,16255,16283,16479,16562,16795,16814,16847,16857,17048,17058,17134,17310,17404,17415,17463,17615,17628,17929,17972,17974,17983,17993,18032,18042,18047
25,55,184,288,308,397,437,511,563,589,626,646,712,819,1103,1154,1196,1219,1316,1336,1653,1796,1810,1814,1846,1885,1887,2032,2040,2079,2126,2140,2158,2232,2284,2336,2429,2844,3059,3068,3216,3323,3347,3380,3432,3472,3605,3848,3946,4185,4354,4485,4594,4614,4765,5090,5143,5155,5326,5330,5442,5626,5744,5842,5887,5897,5902,5935,6017,6110,6185,6290,6390,6692,7028,7059,7081,7289,7329,7380,7383,7388,7434,7635,7689,7755,7776,7816,7870,7929,8128,8129,8204,8238,8252,8294,8310,8347,8364,8403,8598,8973,9057,9102,9140,9284,9398,9461,9465,9467,9550,9647,9657,9704,9962,10271,10303,10311,10323,10366,10446,10456,10461,10834,10946,11084,11279,11427,11454,11514,11638,11719,11756,11822,11838,11971,12202,12211,12281,12309,12584,12651,12742,12845,12871,13461,13479,13505,13538,13543,13616,13659,13832,13957,14033,14036,14179,14303,14403,14597,14643,14747,14805,14826,14906,14950,14952,15012,15132,15180,15267,15327,15330,15332,15364,15634,15747,15784,15796,15807,15864,15872,15942,16118,16128,16278,16452,16481,16735,16739,16810,16827,17041,17044,17065,17118,17120,17303,17374,17454,17516,17546,17604,17658,17896
34,60,542,543,941,1216,1566,1872,1896,1922,2147,2930,3238,3266,3431,3922,4008,4174,4218,4253,4325,4479,4628,4730,4753,4778,5298,5377,5409,5475,5490,5593,5694,5781,5833,5879,6138,6277,6599,6815,6913,6961,6979,7007,7621,7663,7669,7914,7960,8004,8343,8707,8815,8889,9619,9675,9684,9739,9773,9793,10002,10012,10027,10588,10897,10990,12434,12586,12739,12927,13114,13485,13761,13858,13860,13998,14409,14532,14706,14739,14919,14964,15044,15052,15452,15617,15913,16390,16612,17074,17197,17283,17421,17542,17548,17682,17800,17928,17943
82,144,238,265,287,528,587,647,765,835,979,1200,1218,1269,1380,1424,1570,1623,1748,1761,1874,2055,2200,2359,2443,2472,2621,2622,2818,2898,2905,3013,3015,3248,3559,3665,3699,3743,3780,3919,4042,4073,4186,4269,4277,4341,4561,4663,4696,4750,4804,5022,5029,5071,5276,5286,5470,5483,5840,5914,5938,5969,6028,6039,6160,6343,6415,6603,6617,6716,7137,7270,7363,7370,7389,7390,7447,7581,7652,7668,7675,7685,7693,7788,7901,7911,8071,8117,8185,8236,8290,8298,8547,8588,8836,8903,8936,9005,9134,9307,9474,9562,9652,9736,9794,9941,10018,10072,10285,10391,10406,10424,10434,10475,10483,10529,10672,10880,11142,11156,11212,11223,11289,11351,11473,11590,11633,11738,11796,11881,11970,12134,12216,12261,12348,12355,12409,12540,12564,12576,12789,12852,12962,13040,13062,13095,13162,13229,13249,13495,13599,13631,13675,13758,13763,13825,13855,13946,14115,14578,14655,14707,14741,14757,14916,14991,15059,15124,15160,15226,15230,15422,15647,15651,15732,15996,16000,16090,16162,16177,16396,16564,16702,16798,16807,16866,17039,17072,17096,17140,17181,17201,17268,17436,17719,17746,17765,17768,17789,17858,17996
116,261,466,548,716,957,1001,1013,1033,1068,1157,1239,1509,1556,1808,1893,2007,2182,2360,2396,2638,2649,2697,2699,2704,2821,2826,2837,2960,3007,3073,3368,3499,3516,4278,4295,4345,4519,4607,4722,4767,4862,5323,5382,5396,5460,5489,5616,5660,5663,5666,5732,5753,5804,6077,6129,6168,6303,6322,6362,6476,6538,6577,6608,6788,6809,6920,7000,7020,7023,7097,7175,7190,7322,7374,7427,7473,7530,7568,7582,7638,7733,7734,7766,7807,7813,7909,7934,7971,8003,8038,8061,8069,8112,8170,8224,8232,8371,8383,8418,8437,8552,8589,8671,8676,8822,8827,8894,8984,8993,9069,9186,9367,9373,9413,9432,9440,9521,9601,9706,9765,10032,10090,10137,10161,10177,10186,10199,10379,10596,10604,10667,10720,11004,11070,11080,11086,11143,11165,11211,11451,11465,11621,11675,11704,11716,11857,11869,12043,12098,12146,12183,12425,12469,12522,12524,12527,12598,12640,12644,12774,12854,13075,13321,13332,13361,13436,13542,13579,13603,13701,13857,14068,14212,14223,14237,14248,14268,14294,14336,14519,14607,14783,14832,14835,14858,14861,14925,14934,15264,15396,15562,15697,15731,15752,15909,16286,16322,16467,16494,16578,16619,16711,16912,16934,16983,16993,17071,17142,17147,17185,17423,17441,17452,17517,17592,17715,17831,17853,17903,17909,17994,18041,18082,18097
0,1,5,10,13,16,21,23,26,30,39,47,52,59,83,91,94,110,111,119,129,130,140,145,148,154,157,163,169,178,181,183,189,190,204,205,206,215,217,224,226,227,229,230,231,233,235,240,247,259,264,268,270,273,285,286,295,301,304,305,309,313,316,326,327,328,336,338,339,340,343,362,374,376,379,385,387,388,396,398,400,403,416,417,418,423,426,428,429,430,431,439,440,442,450,464,468,487,494,497,500,515,519,521,522,530,533,534,537,545,555,558,565,573,574,578,580,585,590,591,593,595,603,606,608,611,612,621,622,625,632,642,651,654,658,660,664,668,672,683,684,685,686,700,701,705,728,732,738,741,742,746,747,748,752,754,759,760,764,766,787,788,793,805,808,810,822,823,826,833,837,842,851,857,864,868,873,875,882,888,892,894,899,909,922,928,939,942,943,946,947,948,953,956,969,970,973,976,980,984,989,993,997,998,1004,1011,1023,1028,1031,1034,1038,1040,1043,1049,1050,1053,1055,1061,1064,1069,1071,1083,1086,1090,1096,1101,1104,1106,1109,1125,1130,1135,1136,1144,1162,1164,1165,1174,1180,1182,1185,1187,1190,1193,1195,1199,1205,1207,1214,1217,1222,1229,1243,1253,1254,1257,1259,1260,1262,1263,1265,1266,1270,1272,1277,1280,1283,1286,1287,1288,1296,1297,1299,1301,1302,1306,1308,1309,1315,1334,1340,1344,1351,1355,1356,1359,1362,1368,1371,1377,1392,1394,1395,1397,1406,1408,1409,1413,1418,1419,1421,1422,1430,1436,1445,1447,1448,1449,1450,1454,1471,1481,1482,1500,1502,1504,1510,1521,1524,1535,1536,1553,1562,1564,1579,1580,1586,1587,1590,1595,1596,1600,1603,1612,1617,1624,1645,1657,1668,1669,1675,1676,1680,1681,1683,1685,1688,1690,1700,1702,1703,1705,1706,1708,1709,1711,1728,1729,1735,1739,1740,1742,1745,1751,1752,1755,1758,1759,1773,1777,1780,1793,1797,1804,1807,1809,1811,1820,1821,1826,1828,1831,1833,1842,1845,1849,1851,1860,1865,1866,1867,1875,1877,1882,1894,1898,1901,1902,1905,1908,1918,1919,1926,1930,1934,1942,1944,1947,1953,1954,1962,1974,1979,1982,1988,1995,1999,2002,2011,2016,2017,2020,2023,2025,2033,2048,2058,2062,2067,2069,2087,2088,2094,2102,2108,2123,2135,2137,2138,2141,2144,2150,2151,2160,2163,2176,2190,2194,2220,2223,2228,2240,2244,2245,2247,2248,2254,2257,2258,2259,2263,2269,2272,2283,2288,2293,2297,2302,2303,2313,2318,2332,2343,2351,2354,2355,2357,2358,2381,2383,2391,2393,2395,2404,2406,2410,2411,2413,2421,2432,2433,2434,2436,2437,2439,2448,2460,2461,2471,2476,2485,2486,2491,2493,2495,2497,2498,2500,2501,2512,2532,2537,2538,2546,2548,2550,2556,2561,2570,2571,2580,2584,2599,2602,2610,2611,2614,2617,2618,2627,2635,2648,2650,2656,2669,2673,2676,2677,2681,2691,2692,2693,2717,2721,2723,2727,2730,2735,2743,2744,2745,2753,2758,2759,2766,2770,2779,2781,2787,2789,2795,2799,2803,2806,2810,2813,2827,2841,2846,2862,2866,2871,2877,2879,2882,2883,2888,2890,2899,2900,2913,2916,2925,2932,2933,2938,2939,2950,2952,2955,2959,2962,2963,2967,2973,2974,2976,2978,2979,2984,2988,2995,2997,2998,3005,3008,3010,3011,3012,3018,3024,3030,3033,3036,3047,3054,3058,3064,3066,3067,3069,3070,3076,3077,3078,3081,3084,3088,3093,3099,3100,3101,3106,3111,3118,3119,3121,3129,3136,3146,3156,3158,3165,3168,3177,3179,3182,3191,3202,3212,3217,3232,3234,3245,3260,3263,3267,3270,3283,3290,3299,3300,3311,3313,3324,3325,3326,3334,3341,3348,3349,3350,3352,3360,3365,3366,3370,3372,3378,3382,3383,3391,3396,3397,3400,3402,3404,3405,3409,3411,3412,3422,3428,3436,3437,3438,3440,3446,3452,3454,3471,3489,3493,3497,3500,3502,3507,3508,3531,3532,3537,3540,3542,3545,3548,3549,3550,3556,3558,3560,3562,3563,3566,3570,3588,3600,3603,3615,3618,3619,3621,3623,3632,3647,3661,3667,3669,3670,3671,3691,3707,3712,3717,3718,3720,3723,3725,3734,3742,3745,3756,3759,3764,3769,3774,3778,3785,3787,3788,3793,3794,3798,3811,3812,3814,3820,3821,3829,3849,3850,3852,3857,3861,3873,3875,3876,3887,3891,3895,3903,3906,3907,3918,3921,3929,3944,3948,3949,3952,3960,3964,3965,3969,3975,3987,3989,3994,3998,4011,4014,4016,4017,4018,4023,4025,4033,4041,4043,4044,4051,4056,4061,4065,4071,4076,4083,4088,4093,4099,4102,4107,4119,4127,4130,4131,4134,4139,4140,4142,4150,4152,4153,4156,4158,4164,4165,4166,4170,4175,4177,4178,4182,4189,4190,4192,4193,4198,4202,4206,4210,4211,4213,4221,4229,4231,4242,4243,4246,4247,4251,4254,4258,4260,4263,4266,4268,4273,4279,4285,4294,4296,4302,4304,4310,4320,4323,4336,4338,4346,4348,4356,4362,4375,4379,4381,4384,4387,4389,4390,4392,4405,4412,4414,4419,4426,4430,4446,4447,4471,4474,4475,4484,4489,4495,4498,4505,4512,4517,4522,4532,4533,4538,4540,4542,4543,4544,4546,4553,4555,4556,4559,4560,4565,4571,4573,4574,4575,4576,4587,4591,4592,4595,4601,4605,4609,4613,4616,4617,4625,4630,4644,4646,4650,4654,4665,4671,4673,4677,4681,4682,4689,4694,4703,4707,4710,4713,4728,4736,4742,4748,4751,4756,4758,4764,4770,4773,4779,4782,4783,4787,4789,4799,4802,4808,4810,4812,4815,4833,4834,4837,4843,4850,4854,4864,4866,4867,4868,4876,4879,4885,4887,4889,4897,4900,4902,4905,4915,4927,4930,4937,4940,4942,4946,4951,4958,4965,4977,4984,4986,5001,5005,5006,5020,5027,5031,5034,5035,5036,5037,5041,5046,5047,5053,5054,5060,5061,5064,5065,5068,5072,5079,5095,5097,5100,5105,5106,5116,5123,5124,5130,5132,5141,5142,5152,5180,5182,5184,5185,5188,5192,5193,5195,5196,5197,5204,5205,5208,5211,5226,5227,5230,5232,5233,5237,5241,5244,5246,5248,5253,5255,5260,5264,5265,5270,5282,5285,5289,5300,5302,5313,5315,5318,5327,5333,5335,5342,5353,5355,5358,5360,5363,5364,5374,5376,5379,5380,5384,5390,5395,5402,5405,5407,5416,5425,5447,5449,5466,5468,5471,5477,5479,5484,5486,5488,5493,5494,5499,5506,5508,5510,5519,5527,5529,5535,5536,5541,5549,5551,5554,5555,5568,5574,5576,5582,5583,5597,5610,5613,5618,5623,5625,5628,5629,5631,5633,5637,5641,5651,5653,5662,5665,5672,5679,5681,5682,5685,5686,5695,5700,5708,5711,5713,5717,5718,5722,5723,5731,5739,5741,5748,5752,5767,5768,5773,5775,5778,5785,5788,5790,5794,5800,5806,5813,5817,5821,5822,5826,5830,5834,5837,5841,5844,5855,5859,5869,5872,5884,5889,5890,5893,5899,5903,5905,5907,5908,5913,5919,5926,5927,5928,5931,5934,5937,5939,5946,5951,5955,5957,5958,5959,5965,5971,5977,5978,5985,5986,5988,5990,5994,5995,6005,6012,6014,6022,6023,6026,6037,6038,6051,6066,6067,6068,6070,6073,6076,6078,6088,6096,6098,6102,6105,6107,6112,6118,6123,6126,6127,6139,6140,6154,6163,6167,6173,6179,6181,6187,6197,6198,6203,6209,6228,6232,6236,6242,6252,6255,6256,6257,6258,6267,6272,6274,6283,6294,6298,6311,6320,6323,6336,6347,6349,6350,6370,6372,6373,6379,6382,6386,6401,6404,6411,6419,6420,6423,6429,6435,6442,6443,6445,6448,6450,6452,6472,6483,6513,6515,6518,6521,6526,6530,6543,6544,6545,6554,6555,6557,6564,6567,6574,6580,6581,6582,6592,6593,6596,6598,6615,6621,6625,6628,6631,6642,6644,6652,6655,6663,6665,6666,6669,6676,6679,6683,6684,6686,6694,6695,6700,6702,6709,6711,6714,6717,6718,6719,6725,6727,6732,6745,6747,6749,6772,6774,6779,6780,6801,6825,6827,6829,6830,6831,6832,6835,6840,6846,6847,6849,6854,6862,6864,6867,6870,6872,6873,6879,6881,6886,6887,6896,6897,6900,6901,6910,6914,6915,6917,6925,6927,6931,6937,6938,6941,6942,6944,6948,6953,6955,6958,6968,6969,6982,6991,6992,6996,7006,7012,7018,7022,7026,7029,7046,7047,7049,7061,7066,7068,7075,7086,7087,7090,7092,7095,7101,7104,7112,7114,7120,7124,7130,7131,7134,7139,7141,7142,7144,7154,7155,7169,7171,7176,7177,7179,7180,7182,7185,7188,7194,7197,7200,7204,7206,7211,7212,7216,7225,7228,7230,7231,7232,7238,7248,7250,7251,7275,7278,7281,7282,7287,7292,7294,7296,7298,7301,7302,7303,7311,7312,7319,7321,7332,7342,7350,7352,7373,7387,7397,7407,7411,7417,7418,7419,7423,7425,7428,7433,7438,7440,7443,7452,7454,7455,7456,7462,7466,7469,7470,7474,7479,7483,7487,7494,7502,7503,7504,7507,7509,7510,7513,7514,7516,7521,7524,7544,7546,7549,7554,7555,7556,7560,7562,7564,7566,7567,7569,7570,7571,7573,7580,7591,7595,7597,7604,7610,7615,7617,7628,7655,7658,7672,7674,7680,7682,7698,7702,7704,7706,7707,7710,7716,7718,7723,7729,7751,7752,7754,7756,7761,7769,7771,7781,7784,7792,7805,7811,7814,7815,7828,7830,7836,7842,7845,7849,7852,7853,7855,7871,7872,7875,7878,7879,7892,7893,7915,7916,7933,7935,7944,7947,7958,7962,7963,7966,7969,7984,7988,7991,7992,7997,7999,8000,8001,8010,8015,8019,8022,8029,8032,8033,8036,8037,8039,8041,8042,8047,8049,8052,8053,8057,8063,8067,8070,8075,8076,8080,8088,8089,8098,8102,8107,8113,8119,8123,8131,8140,8141,8143,8147,8151,8153,8165,8166,8178,8183,8186,8196,8221,8228,8229,8237,8242,8254,8255,8256,8263,8264,8267,8273,8276,8279,8284,8287,8292,8296,8297,8301,8303,8312,8322,8324,8326,8327,8330,8332,8336,8340,8341,8344,8353,8366,8367,8378,8380,8384,8387,8392,8395,8396,8399,8402,8404,8406,8417,8420,8429,8435,8443,8449,8455,8460,8463,8466,8470,8474,8479,8481,8483,8490,8492,8498,8503,8506,8507,8512,8517,8518,8525,8528,8530,8531,8535,8557,8558,8562,8564,8574,8576,8590,8599,8601,8603,8604,8607,8615,8618,8627,8630,8641,8649,8650,8655,8656,8658,8664,8667,8683,8685,8691,8693,8695,8697,8702,8703,8705,8710,8712,8717,8724,8725,8727,8732,8738,8741,8745,8746,8747,8751,8770,8774,8783,8788,8790,8792,8796,8803,8806,8820,8826,8829,8830,8832,8834,8837,8838,8839,8862,8872,8881,8888,8906,8917,8925,8932,8940,8943,8944,8945,8946,8951,8954,8969,8970,8972,8978,8982,8985,8989,8990,8995,8996,9001,9006,9009,9010,9011,9014,9018,9019,9023,9029,9032,9045,9050,9051,9053,9056,9060,9061,9064,9071,9077,9078,9080,9083,9087,9088,9091,9092,9094,9103,9105,9106,9107,9114,9116,9121,9125,9126,9129,9132,9135,9138,9141,9149,9152,9153,9158,9159,9165,9168,9170,9171,9176,9177,9180,9181,9182,9185,9187,9195,9199,9203,9206,9208,9212,9214,9221,9226,9227,9232,9238,9239,9249,9253,9258,9261,9266,9270,9271,9280,9286,9287,9291,9292,9295,9298,9301,9303,9306,9311,9312,9320,9335,9336,9340,9344,9350,9356,9357,9358,9364,9365,9372,9379,9404,9416,9418,9437,9438,9444,9452,9458,9470,9479,9480,9486,9491,9516,9517,9518,9520,9523,9524,9529,9544,9553,9561,9565,9567,9580,9582,9589,9595,9600,9602,9606,9609,9612,9614,9618,9620,9621,9622,9623,9624,9632,9633,9635,9653,9659,9661,9669,9672,9673,9676,9678,9685,9686,9687,9696,9698,9700,9707,9710,9711,9722,9740,9745,9747,9749,9750,9761,9763,9772,9775,9776,9790,9797,9798,9800,9803,9806,9808,9810,9813,9814,9816,9819,9820,9826,9828,9829,9833,9840,9844,9847,9859,9862,9876,9878,9881,9882,9883,9902,9912,9914,9917,9921,9923,9926,9928,9937,9944,9946,9948,9949,9951,9956,9960,9966,9968,9971,9987,9989,9994,9999,10003,10006,10022,10030,10036,10038,10039,10045,10046,10047,10067,10079,10081,10085,10089,10091,10093,10108,10113,10115,10117,10118,10119,10131,10139,10146,10147,10158,10160,10162,10164,10172,10178,10179,10182,10187,10188,10192,10195,10200,10205,10207,10211,10215,10218,10219,10221,10227,10231,10234,10238,10239,10241,10246,10257,10262,10265,10267,10282,10284,10297,10300,10305,10309,10314,10322,10326,10329,10344,10350,10351,10353,10357,10367,10380,10386,10393,10395,10402,10418,10421,10423,10426,10427,10432,10435,10436,10438,10452,10455,10459,10462,10464,10468,10469,10472,10488,10491,10492,10495,10503,10512,10513,10515,10517,10522,10524,10535,10538,10539,10541,10545,10547,10554,10557,10561,10564,10569,10577,10580,10584,10590,10599,10600,10601,10603,10609,10615,10617,10620,10628,10633,10634,10636,10638,10643,10649,10659,10660,10662,10665,10669,10678,10682,10696,10704,10708,10714,10715,10723,10727,10730,10731,10733,10736,10739,10743,10747,10752,10757,10759,10762,10763,10766,10775,10794,10796,10798,10807,10809,10813,10816,10819,10826,10827,10835,10837,10850,10857,10862,10866,10872,10875,10881,10892,10900,10902,10906,10910,10920,10921,10922,10923,10925,10926,10929,10931,10933,10934,10939,10940,10943,10947,10952,10956,10957,10962,10969,10972,10979,10980,10985,10987,10988,10994,11005,11014,11019,11023,11026,11032,11036,11040,11041,11057,11060,11065,11068,11072,11074,11075,11082,11091,11092,11093,11096,11099,11101,11107,11110,11126,11130,11136,11141,11144,11153,11158,11171,11177,11189,11190,11196,11209,11215,11221,11224,11227,11228,11229,11231,11234,11236,11237,11245,11246,11247,11250,11252,11263,11265,11266,11272,11274,11281,11282,11284,11285,11286,11291,11296,11303,11308,11316,11337,11344,11347,11349,11350,11363,11365,11372,11377,11379,11380,11384,11385,11396,11404,11405,11419,11428,11429,11430,11431,11438,11439,11440,11445,11449,11456,11459,11462,11467,11468,11471,11491,11496,11498,11504,11505,11509,11513,11516,11517,11524,11526,11530,11532,11541,11550,11554,11555,11556,11559,11561,11562,11565,11568,11574,11579,11583,11587,11594,11597,11608,11610,11611,11626,11628,11629,11640,11643,11646,11647,11655,11657,11661,11662,11668,11671,11679,11681,11685,11688,11700,11713,11715,11721,11723,11727,11733,11737,11743,11746,11751,11752,11754,11758,11761,11762,11764,11774,11778,11782,11795,11803,11805,11806,11808,11814,11826,11831,11859,11865,11871,11877,11889,11894,11910,11913,11915,11917,11920,11923,11924,11941,11954,11956,11957,11958,11961,11962,11967,11969,11973,11974,11986,11989,12001,12022,12025,12026,12039,12041,12048,12056,12060,12064,12072,12075,12078,12082,12095,12097,12099,12109,12111,12112,12114,12121,12125,12127,12128,12131,12133,12137,12156,12161,12162,12168,12178,12188,12196,12199,12203,12205,12207,12213,12214,12215,12220,12234,12235,12246,12256,12259,12262,12291,12293,12299,12301,12311,12318,12322,12332,12352,12354,12357,12367,12370,12372,12381,12389,12390,12391,12399,12408,12410,12415,12418,12420,12422,12423,12424,12430,12435,12442,12445,12446,12447,12449,12456,12457,12458,12459,12460,12462,12464,12465,12467,12474,12480,12482,12484,12487,12503,12505,12518,12526,12528,12541,12548,12550,12554,12567,12568,12570,12574,12581,12588,12589,12597,12605,12610,12611,12613,12628,12629,12637,12643,12648,12649,12654,12657,12662,12664,12667,12673,12674,12676,12677,12684,12687,12691,12695,12702,12713,12722,12731,12737,12745,12748,12749,12752,12755,12759,12760,12762,12765,12784,12785,12793,12799,12802,12806,12822,12832,12833,12834,12842,12844,12849,12851,12853,12861,12864,12866,12873,12878,12887,12888,12889,12892,12896,12898,12900,12902,12903,12905,12909,12913,12918,12922,12923,12924,12925,12938,12948,12952,12955,12957,12969,12977,12982,12985,12987,12994,13012,13013,13016,13019,13027,13031,13035,13036,13045,13047,13048,13056,13064,13065,13067,13070,13077,13079,13084,13099,13102,13103,13104,13111,13112,13118,13119,13120,13121,13135,13142,13146,13147,13151,13152,13153,13163,13170,13174,13176,13177,13180,13186,13187,13188,13196,13201,13217,13228,13242,13243,13255,13275,13277,13279,13284,13291,13296,13300,13312,13316,13323,13328,13329,13330,13337,13338,13356,13370,13372,13374,13377,13385,13386,13387,13391,13392,13396,13398,13399,13400,13405,13414,13417,13422,13424,13433,13446,13450,13452,13456,13459,13465,13468,13469,13471,13472,13474,13476,13489,13490,13491,13494,13503,13511,13512,13514,13516,13517,13520,13523,13528,13535,13536,13537,13545,13546,13547,13561,13563,13581,13582,13587,13590,13593,13594,13597,13598,13600,13602,13604,13607,13611,13618,13624,13628,13641,13646,13658,13660,13667,13670,13686,13694,13710,13720,13721,13724,13739,13743,13748,13751,13764,13766,13771,13779,13780,13791,13793,13799,13804,13810,13812,13816,13818,13828,13833,13841,13850,13852,13863,13864,13875,13883,13891,13902,13907,13916,13918,13919,13920,13922,13926,13929,13937,13941,13951,13953,13964,13965,13969,13975,13976,13993,13995,14004,14012,14017,14020,14026,14039,14043,14046,14047,14051,14052,14054,14056,14058,14060,14062,14063,14070,14071,14074,14081,14084,14106,14118,14121,14122,14123,14129,14155,14159,14180,14186,14188,14193,14194,14199,14205,14211,14217,14218,14219,14226,14233,14242,14246,14249,14254,14255,14258,14264,14265,14266,14269,14270,14275,14281,14283,14289,14290,14292,14293,14296,14297,14308,14323,14332,14344,14345,14350,14357,14361,14364,14366,14368,14369,14374,14378,14380,14381,14383,14389,14393,14399,14404,14406,14422,14424,14426,14434,14444,14445,14448,14458,14465,14466,14470,14471,14475,14485,14490,14495,14505,14509,14512,14515,14521,14524,14527,14529,14533,14541,14543,14545,14546,14547,14548,14559,14572,14574,14585,14586,14594,14598,14606,14608,14613,14616,14617,14618,14625,14637,14638,14653,14656,14662,14665,14666,14669,14673,14676,14680,14685,14688,14689,14691,14696,14698,14699,14708,14712,14716,14722,14725,14727,14734,14735,14740,14744,14746,14753,14756,14759,14760,14763,14764,14767,14770,14780,14782,14788,14793,14807,14808,14815,14819,14820,14823,14829,14837,14838,14842,14844,14853,14859,14865,14868,14873,14881,14886,14892,14893,14905,14912,14923,14926,14931,14941,14948,14953,14955,14957,14961,14967,14968,14969,14997,15000,15026,15038,15042,15046,15048,15051,15054,15061,15072,15074,15083,15091,15104,15110,15114,15115,15138,15140,15146,15149,15150,15153,15162,15163,15164,15182,15190,15194,15211,15214,15219,15221,15224,15234,15239,15241,15244,15245,15246,15247,15254,15260,15262,15268,15269,15271,15272,15277,15279,15281,15286,15295,15296,15297,15302,15303,15306,15324,15328,15329,15335,15336,15339,15356,15358,15362,15366,15372,15373,15377,15379,15415,15418,15420,15428,15429,15435,15441,15445,15447,15450,15453,15458,15465,15470,15475,15480,15483,15488,15490,15491,15493,15503,15513,15514,15515,15522,15525,15526,15528,15529,15533,15534,15558,15564,15570,15573,15578,15581,15592,15598,15610,15612,15613,15615,15618,15625,15628,15649,15650,15658,15667,15672,15673,15682,15689,15693,15705,15723,15726,15739,15741,15743,15761,15765,15786,15787,15795,15798,15800,15803,15804,15809,15810,15821,15830,15832,15834,15835,15840,15841,15842,15851,15852,15861,15863,15867,15875,15876,15890,15897,15898,15900,15904,15905,15918,15919,15923,15930,15933,15941,15943,15946,15948,15949,15950,15951,15971,15972,15974,15980,15995,15999,16002,16009,16013,16014,16015,16021,16024,16025,16030,16034,16045,16063,16065,16071,16081,16092,16096,16110,16111,16112,16113,16116,16119,16121,16122,16123,16125,16126,16129,16135,16141,16142,16144,16148,16151,16152,16171,16172,16173,16175,16176,16180,16181,16182,16188,16189,16190,16192,16196,16206,16207,16208,16213,16220,16221,16222,16224,16225,16226,16227,16229,16231,16236,16243,16244,16250,16251,16261,16263,16276,16294,16295,16297,16298,16301,16303,16312,16321,16327,16332,16339,16346,16355,16356,16358,16372,16376,16388,16395,16400,16407,16408,16413,16417,16420,16427,16430,16436,16437,16441,16455,16457,16460,16473,16474,16486,16489,16490,16491,16497,16503,16506,16510,16512,16514,16515,16517,16527,16530,16537,16539,16544,16554,16556,16559,16563,16566,16573,16579,16580,16586,16587,16589,16593,16594,16598,16599,16600,16601,16604,16611,16627,16629,16640,16641,16651,16658,16659,16660,16662,16667,16672,16689,16690,16691,16692,16704,16705,16710,16714,16717,16718,16719,16727,16730,16731,16736,16737,16742,16749,16751,16761,16762,16773,16776,16778,16790,16791,16792,16794,16796,16799,16800,16802,16804,16806,16809,16821,16828,16833,16836,16837,16842,16849,16855,16860,16863,16865,16875,16879,16885,16901,16902,16904,16921,16922,16931,16935,16938,16941,16947,16949,16960,16961,16968,16977,16981,16984,16990,16992,16996,17005,17009,17010,17012,17014,17015,17024,17029,17036,17037,17038,17056,17061,17062,17063,17076,17079,17081,17083,17084,17093,17094,17099,17101,17106,17110,17113,17115,17116,17132,17137,17141,17144,17145,17161,17163,17167,17170,17171,17180,17183,17186,17190,17203,17206,17209,17210,17214,17216,17223,17229,17230,17231,17234,17241,17242,17243,17246,17247,17253,17266,17267,17271,17273,17276,17277,17279,17286,17288,17291,17296,17301,17302,17305,17306,17309,17317,17321,17323,17324,17328,17330,17332,17334,17349,17352,17355,17366,17370,17381,17384,17387,17395,17401,17403,17407,17410,17413,17414,17417,17420,17422,17425,17431,17433,17438,17440,17443,17449,17471,17476,17489,17500,17502,17505,17507,17512,17520,17534,17540,17543,17553,17568,17571,17576,17578,17580,17593,17623,17630,17633,17638,17643,17646,17647,17648,17676,17678,17680,17683,17684,17698,17704,17709,17713,17721,17722,17739,17744,17749,17751,17756,17763,17764,17774,17780,17785,17791,17793,17803,17810,17816,17820,17821,17837,17843,17844,17846,17849,17859,17865,17867,17870,17885,17886,17890,17892,17893,17904,17916,17921,17922,17925,17926,17935,17961,17970,17975,17977,17982,17990,18005,18009,18010,18012,18014,18019,18023,18030,18031,18044,18050,18058,18069,18071,18072,18073,18074,18078,18079,18096,18101,18104,18112,18113,18116,18150
12,175,302,341,461,517,571,600,604,689,811,827,840,913,1041,1042,1116,1133,1153,1169,1210,1244,1361,1366,1414,1466,1490,1547,1723,1798,1803,1880,1943,2006,2039,2185,2264,2456,2475,2555,2596,2694,2786,2908,2949,3027,3035,3063,3178,3185,3256,3276,3298,3309,3377,3501,3505,3520,3567,3816,3832,3935,3972,3979,3981,4091,4132,4141,4151,4199,4410,4416,4454,4456,4551,4621,4629,4631,4632,4656,4708,4715,4726,4903,4953,4961,4992,5150,5221,5259,5283,5513,5620,5652,5656,5756,5758,5792,5996,6004,6010,6135,6238,6265,6337,6389,6431,6559,6572,6653,6689,6723,6799,6853,6907,6909,6934,7034,7043,7191,7210,7217,7262,7330,7334,7348,7416,7446,7458,7476,7612,7626,7641,7670,7714,7764,7808,7817,7837,7865,7902,7919,8086,8156,8159,8190,8300,8349,8487,8575,8579,8624,8804,8821,8858,8918,8923,8941,9154,9174,9179,9231,9265,9268,9369,9382,9415,9422,9446,9478,9503,9537,9587,9608,9744,9792,9796,9845,9973,9988,10061,10083,10236,10243,10255,10260,10276,10289,10308,10341,10449,10453,10523,10527,10675,10711,10776,10888,10958,10967,11097,11123,11132,11374,11441,11600,11763,11772,11829,11839,11855,11976,12038,12040,12089,12236,12253,12331,12393,12583,12590,12618,12645,12697,12734,12792,12797,12811,12945,12970,13115,13133,13138,13261,13283,13317,13484,13515,13564,13627,13668,13700,13718,13727,13728,13738,13877,13901,13934,13966,13968,13972,14097,14154,14285,14351,14358,14392,14397,14419,14472,14499,14516,14650,14717,14718,14909,14976,15027,15030,15093,15253,15355,15401,15448,15455,15584,15599,15635,15639,15681,15770,15802,15829,15892,15894,15911,15991,16001,16051,16072,16114,16124,16185,16258,16320,16354,16364,16380,16454,16464,16470,16480,16488,16547,16621,16747,16854,16900,17026,17027,17248,17269,17304,17354,17372,17378,17608,17653,17702,17734,17752,17902,17952,17958,17969,18049,18093,18148
131,138,191,353,569,627,679,867,912,1151,1179,1313,1401,1464,1499,1602,1637,1693,1725,1864,1933,2053,2149,2187,2211,2214,2229,2287,2291,2346,2572,2849,2931,2986,3075,3094,3124,3142,3367,3638,3800,3827,3961,3988,4070,4077,4239,4327,4391,4421,4439,4493,4499,4537,4686,4687,4797,4890,4899,4960,5004,5067,5134,5151,5239,5240,5277,5279,5291,5295,5336,5418,5431,5440,5454,5553,5579,5648,5751,5783,6100,6108,6165,6166,6387,6523,6671,6680,6761,6800,6893,6978,7098,7215,7233,7359,7643,7975,8046,8138,8152,8171,8176,8351,8394,8441,8471,9122,9370,9443,9549,9569,9664,9665,9681,9889,9896,9925,10062,10107,10171,10180,10355,10439,10526,10618,10673,10738,10783,10976,11197,11243,11345,11401,11460,11564,11589,11780,11845,11892,11912,12184,12217,12219,12232,12374,12376,12481,12600,12721,12741,12828,12921,13023,13078,13272,13741,13851,14035,14092,14141,14203,14210,14359,14437,14492,14498,14522,14565,14589,14761,14828,15113,15225,15282,15319,15343,15350,15360,15395,15426,15510,15588,15696,15767,15816,15920,15959,15969,16252,16292,16366,16439,16499,16533,16642,16680,16684,16816,16869,16989,17090,17148,17255,17447,17448,17566,17662,17854,17855,17954,18007,18038,18055,18088,18094
221,699,1513,2249,2255,2477,2592,2859,3475,3624,3634,3687,4097,4349,4407,4433,4745,5906,5961,5992,6071,6137,6328,6503,6534,6547,6584,7119,7138,8168,8222,8504,8879,9025,9093,9302,9304,9495,9496,9541,9585,10320,10895,11287,12073,12210,12230,12294,13862,14183,14486,14544,14821,15641,15759,16036,16102,16614,17294,17446,18013
331,731,1117,1171,1442,1506,1981,2153,2172,2347,2385,3388,3481,3577,3901,4688,5322,5699,5776,6036,6506,6767,6923,7267,7279,7331,7406,7475,7532,7873,7918,8084,8202,8274,8957,9259,9260,9754,10295,10505,11122,13363,13421,13475,14066,14641,14645,14750,14972,15096,15171,15321,15423,15457,15476,15479,15516,15637,15797,16098,16241,16841,17003,17371,17759,17860,17907,18045
14,20,48,107,117,280,306,369,463,470,495,508,532,540,554,567,615,617,706,727,797,809,825,829,844,852,917,968,1014,1026,1100,1149,1186,1191,1212,1250,1339,1364,1388,1469,1477,1557,1569,1577,1601,1650,1670,1776,1789,1839,1980,2036,2081,2101,2110,2121,2129,2143,2198,2276,2370,2424,2522,2568,2576,2590,2634,2646,2657,2706,2732,2797,2839,2914,3044,3090,3134,3163,3199,3230,3279,3306,3345,3420,3444,3461,3473,3490,3512,3533,3590,3604,3675,3678,3819,3841,3854,3878,3910,3915,3991,3999,4000,4055,4072,4148,4215,4249,4274,4284,4372,4442,4469,4520,4649,4667,4698,4723,4729,4762,4967,5023,5026,5173,5254,5280,5417,5427,5441,5444,5458,5469,5517,5575,5649,5655,5680,5689,5738,5740,5801,5847,5860,5862,5868,5871,5892,5933,5966,5997,6079,6103,6115,6130,6161,6216,6234,6262,6297,6474,6484,6488,6500,6535,6638,6675,6756,6778,6783,6784,6792,6874,6878,6884,6889,6959,6977,6987,7041,7051,7110,7173,7247,7269,7347,7351,7379,7439,7449,7523,7548,7690,7762,7827,7881,7922,8291,8342,8416,8442,8637,8736,8754,8799,8802,8848,8960,9109,9163,9278,9305,9329,9428,9490,9566,9641,9663,9760,9774,9877,9899,9930,9952,10019,10097,10157,10193,10307,10363,10387,10473,10490,10498,10575,10619,10630,10646,10701,10702,10716,10721,10744,10748,10795,10797,10831,11030,11124,11168,11182,11240,11293,11458,11540,11553,11602,11623,11676,11784,11789,11842,11887,11888,11902,11947,12032,12046,12094,12100,12102,12142,12356,12495,12507,12617,12671,12757,12796,12809,12819,12868,12869,12946,12947,12966,12986,13010,13069,13106,13130,13205,13212,13239,13292,13320,13353,13369,13373,13438,13477,13539,13584,13645,13657,13661,13689,13731,13792,13808,13821,13835,13846,13868,13872,13928,14029,14042,14168,14274,14335,14342,14352,14410,14415,14449,14510,14549,14671,14715,14862,14958,14982,15022,15055,15102,15250,15312,15348,15365,15640,15660,15695,15716,15774,15790,15811,15812,15836,15849,15860,15866,15879,15895,15938,15954,15962,15967,15985,16004,16037,16044,16064,16348,16365,16415,16422,16468,16536,16546,16595,16609,16632,16633,16671,16681,16775,16899,16917,16954,16980,17033,17207,17237,17300,17362,17456,17575,17688,17787,17822,17960,17986,17987,18029,18077,18129,18134
18,19,24,29,40,62,109,136,156,228,279,297,391,419,446,526,566,575,635,669,678,720,726,733,778,830,862,927,963,991,995,1051,1113,1132,1145,1173,1197,1240,1273,1279,1295,1331,1420,1434,1487,1497,1498,1520,1620,1635,1658,1713,1714,1730,1756,1766,1768,1841,1881,1883,1899,1903,1909,1920,1927,1958,1959,2063,2066,2082,2085,2093,2096,2156,2195,2231,2236,2241,2262,2266,2308,2319,2353,2392,2453,2468,2505,2591,2604,2668,2680,2703,2715,2716,2791,2805,2832,2857,2873,2874,2885,2896,2906,2945,2972,2993,3003,3028,3132,3139,3241,3250,3343,3364,3374,3394,3434,3453,3467,3521,3524,3557,3602,3629,3631,3676,3748,3806,3833,3851,3890,3905,3912,3930,4049,4054,4087,4096,4183,4201,4204,4219,4220,4232,4241,4364,4366,4451,4463,4535,4548,4568,4721,4732,4781,4785,4791,4825,4835,4841,4874,4921,4983,5021,5066,5078,5085,5128,5140,5168,5175,5268,5269,5292,5347,5359,5392,5414,5455,5500,5556,5661,5720,5832,5836,5843,5856,5866,5870,5877,5888,5909,5922,6027,6034,6040,6041,6141,6145,6174,6175,6221,6222,6230,6231,6247,6263,6284,6309,6318,6346,6399,6406,6407,6507,6514,6548,6576,6601,6627,6634,6639,6662,6697,6729,6777,6789,6791,6814,6817,6857,6861,6895,6936,6947,6973,6986,7036,7126,7159,7193,7199,7201,7338,7362,7426,7448,7472,7512,7559,7563,7602,7633,7671,7712,7715,7779,7851,7887,7890,7924,7956,7982,7993,8035,8066,8094,8100,8157,8282,8334,8335,8362,8440,8448,8456,8469,8476,8496,8497,8510,8527,8569,8586,8625,8638,8669,8708,8713,8757,8811,8890,8899,8911,8929,8974,8977,8983,9012,9037,9038,9055,9128,9130,9131,9228,9229,9282,9313,9319,9377,9403,9435,9448,9488,9515,9528,9555,9616,9822,9831,9839,9911,9950,9972,9977,9997,10004,10175,10185,10229,10244,10249,10266,10317,10369,10384,10400,10447,10474,10507,10521,10574,10594,10621,10623,10625,10626,10635,10645,10684,10686,10691,10695,10724,10746,10761,10803,10844,10883,10909,10963,10997,11053,11115,11133,11244,11305,11306,11313,11359,11371,11410,11412,11488,11560,11595,11678,11690,11692,11739,11771,11809,11812,11933,11945,11948,11966,11972,11978,11984,12055,12066,12104,12126,12143,12158,12180,12189,12206,12226,12298,12313,12320,12365,12369,12375,12398,12407,12452,12454,12470,12542,12547,12620,12705,12719,12726,12782,12837,12848,12865,12941,12991,13038,13096,13166,13185,13219,13220,13234,13297,13343,13381,13393,13418,13431,13432,13453,13500,13504,13541,13557,13592,13596,13622,13648,13649,13742,13778,13783,13820,13889,13903,13930,13962,13996,13999,14024,14032,14077,14094,14099,14107,14137,14202,14204,14331,14390,14396,14407,14453,14460,14506,14576,14579,14791,14801,14809,14816,14831,14833,14899,14903,14904,14988,15029,15060,15082,15106,15118,15139,15161,15172,15233,15251,15274,15275,15313,15392,15411,15520,15535,15572,15580,15591,15652,15679,15701,15714,15748,15763,15818,15828,15856,15869,15880,15881,15994,16038,16062,16108,16132,16139,16155,16191,16270,16281,16315,16318,16323,16326,16369,16399,16412,16423,16483,16540,16588,16606,16622,16625,16626,16657,16721,16732,16852,16878,16891,16908,16909,16910,16911,16916,16952,16965,16976,16982,17011,17016,17149,17222,17290,17298,17308,17327,17339,17344,17348,17353,17386,17400,17473,17474,17508,17511,17519,17536,17559,17569,17603,17606,17691,17700,17710,17726,17730,17755,17817,17847,17873,17879,17906,17914,17979,17984,18036,18060,18067,18070,18080,18108,18138,18141
22,28,86,114,171,358,367,535,645,914,1003,1121,1233,1365,1428,1470,1533,1715,1863,1945,1973,2161,2199,2366,2450,2534,2738,2800,2807,2878,3221,3252,3536,3610,3663,3679,3721,3825,4021,4078,4080,4397,4402,4444,4956,5055,5056,5176,5186,5224,5578,5594,5627,5658,5702,5730,5863,5912,5941,6065,6414,6434,6456,6578,6707,7076,7094,7150,7391,7413,7596,8106,8230,8439,8475,8511,8565,8628,8690,8793,8814,8909,9008,9066,9144,9205,9308,9498,9538,9543,9743,9748,9785,9791,9836,9894,9898,9934,10209,10332,10502,10611,10681,10858,10901,11025,11273,11321,11426,11433,11443,11928,11968,11988,12020,12186,12250,12545,12580,12626,12761,12780,12912,13083,13105,13388,13478,13480,13786,13952,14076,14216,14245,14291,14326,14373,14489,14518,14635,14660,14683,14794,14875,14921,15109,15176,15228,15292,15466,15523,16068,16145,16211,16239,16387,16757,16835,16845,17205,17262,17343,17345,17475,17506,17561,17874,18059
2,4,41,57,241,250,266,290,424,491,514,602,616,717,761,774,802,812,814,846,897,919,930,936,1027,1032,1084,1092,1126,1140,1304,1416,1446,1460,1476,1549,1594,1686,1794,1965,2049,2155,2237,2238,2250,2438,2521,2526,2563,2734,2737,2761,2763,2767,2771,2842,2942,3104,3116,3135,3231,3268,3293,3319,3330,3407,3408,3455,3571,3572,3586,3668,3685,3749,3796,3818,3896,3928,3955,3977,4002,4081,4125,4147,4161,4235,4287,4298,4340,4380,4386,4494,4608,4660,4679,4699,4792,4806,4824,4853,4860,4881,4947,5104,5122,5133,5135,5157,5310,5385,5432,5532,5591,5592,5706,5757,5805,5865,5964,6007,6055,6081,6083,6085,6193,6214,6348,6355,6378,6426,6496,6524,6529,6570,6571,6583,6667,6705,6722,6808,6812,6892,6922,6965,6970,6988,7011,7170,7306,7372,7381,7382,7392,7442,7461,7477,7492,7522,7576,7600,7665,7727,7767,7787,7968,8101,8105,8108,8137,8193,8214,8227,8247,8329,8389,8432,8465,8532,8591,8610,8660,8694,8723,8816,8852,8857,8875,8934,9020,9027,9046,9063,9095,9139,9150,9191,9196,9201,9219,9273,9289,9300,9324,9359,9386,9425,9568,9573,9599,9636,9734,9910,9929,9978,10000,10104,10130,10183,10228,10302,10335,10405,10413,10433,10443,10458,10533,10576,10693,10879,10904,10907,11069,11131,11154,11210,11255,11387,11394,11448,11539,11551,11575,11618,11645,11686,11717,11757,11804,11862,11863,11903,11975,12018,12148,12208,12209,12224,12228,12257,12271,12305,12317,12325,12338,12360,12363,12455,12483,12514,12634,12660,12711,12751,12872,12919,13026,13088,13160,13197,13216,13244,13252,13269,13311,13313,13314,13319,13412,13429,13498,13570,13583,13629,13674,13726,13755,13760,13795,13899,13942,14000,14136,14158,14166,14172,14338,14355,14391,14394,14562,14614,14658,14784,14840,14915,14917,14978,15045,15192,15213,15216,15259,15261,15541,15577,15633,15662,15665,15754,15868,15937,15965,15968,16020,16035,16093,16150,16267,16272,16426,16496,16569,16608,16643,16661,16755,16846,16850,16906,16919,16929,16998,17004,17042,17091,17442,17466,17521,17554,17557,17597,17651,17657,17716,17777,17788,17790,17794,17798,17918,17999,18026,18061,18062
54,113,132,160,179,187,208,212,222,361,365,384,475,480,516,529,550,557,572,730,781,798,818,940,1022,1029,1060,1066,1077,1091,1110,1124,1141,1167,1211,1278,1298,1358,1381,1548,1559,1718,1720,1824,1871,1970,2031,2045,2132,2197,2253,2271,2364,2372,2492,2540,2542,2543,2557,2585,2607,2626,2660,2662,2667,2678,2742,2748,2785,2893,2895,3085,3148,3152,3157,3183,3186,3200,3225,3286,3289,3316,3439,3442,3488,3511,3552,3636,3693,3732,3741,3786,3795,3908,3958,4066,4069,4074,4085,4118,4126,4149,4238,4308,4318,4394,4406,4448,4500,4534,4545,4582,4603,4610,4675,4769,4784,4849,4875,4883,5012,5082,5108,5126,5201,5215,5217,5231,5308,5398,5399,5437,5453,5491,5511,5588,5590,5609,5621,5727,5777,5803,5815,5845,5864,5973,5979,5980,6003,6224,6295,6444,6446,6449,6516,6561,6568,6585,6588,6645,6678,6703,6766,6940,6997,6999,7002,7133,7152,7153,7219,7240,7336,7346,7385,7405,7497,7505,7526,7599,7609,7746,7777,7940,8012,8048,8097,8110,8118,8126,8199,8213,8285,8433,8488,8489,8556,8595,8600,8652,8666,8679,8750,8758,8763,8775,8795,8842,8870,8877,9079,9157,9288,9354,9360,9371,9436,9447,9454,9477,9492,9494,9522,9591,9611,9634,9644,9683,9727,9834,9853,9865,9922,10116,10127,10128,10278,10340,10428,10528,10647,10687,10787,10800,10829,10899,10932,10935,10995,11007,11164,11238,11299,11348,11352,11391,11515,11527,11543,11654,11673,11709,11777,11836,11876,11904,11959,12053,12061,12065,12120,12123,12150,12173,12308,12316,12323,12380,12437,12440,12441,12485,12535,12587,12603,12638,12712,12763,12823,12879,12930,12935,13024,13032,13089,13123,13204,13215,13248,13344,13362,13441,13507,13522,13549,13553,13567,13572,13586,13605,13620,13640,13705,13713,13722,13775,13819,13882,14140,14146,14147,14162,14185,14305,14322,14413,14425,14476,14484,14487,14595,14670,14695,14719,14802,14803,14880,14888,14891,14933,14951,14959,14981,15009,15134,15156,15178,15209,15314,15351,15413,15471,15474,15519,15527,15551,15608,15624,15680,15713,15775,15789,15805,15896,15922,15931,16019,16032,16070,16083,16087,16134,16238,16273,16275,16288,16345,16469,16534,16550,16576,16624,16634,16653,16707,16750,16763,16820,16881,16920,16951,17025,17086,17092,17119,17152,17169,17192,17204,17225,17445,17462,17481,17552,17573,17581,17607,17625,17634,17644,17667,17670,17679,17686,17696,17735,17818,17842,17888,17917,17949,18107,18143
121,719,1054,1293,1404,1983,2056,2165,2454,2764,3006,3219,3381,3584,3625,3648,3652,3706,4306,4813,5198,5284,5344,6698,6701,7031,7673,7957,7986,8115,8843,8938,9556,9574,10745,11042,11324,11432,11531,11720,11846,12163,12358,12476,13409,13434,14152,14191,14611,15073,15344,15538,15585,16120,17285,17319,17526
168,322,935,1065,1098,1158,1226,1335,1491,2004,2022,2061,2408,2430,2440,2509,2536,2828,2886,3213,3222,3229,3544,3770,3951,3980,3997,4013,4027,4503,4514,4563,4664,5607,5950,6440,6482,6573,6768,7295,7511,7533,7654,7681,7728,7952,8005,8174,8249,8372,8390,8515,8583,8720,8861,8907,9002,9112,9213,9218,9453,9766,9841,9927,10304,10566,10589,10814,10992,11027,11047,11054,11056,11147,11489,11667,11669,11811,12013,12036,12059,12191,12269,12392,12830,13086,13380,13444,13673,13881,14120,14580,14630,15002,15014,15025,15077,15185,15495,15540,15582,15778,15997,16767,16887,16890,16988,17085,17182,17701,17732,17737,17807,17851
314,414,453,489,637,999,1276,1554,1576,1744,2152,2162,2344,2518,2547,2601,2751,2778,3209,3239,3314,3389,3419,3576,3700,3802,3927,3938,4159,4513,4893,5127,5138,5158,5857,6391,6810,7077,7431,7611,7785,8011,8077,8311,9262,9439,9768,10191,10245,11512,11522,11609,11702,12300,12328,12432,12468,12616,12932,13341,13630,14631,14703,15090,15293,15858,16137,16223,16375,16743,16880,16884,17155,17357,17432,17477,17601,17665,17695,17775
70,232,509,756,884,1019,1215,1228,1320,1328,1330,1800,1813,1952,2103,2148,2157,2361,2776,2809,2926,3443,3746,3941,3967,4063,4240,4339,4473,4692,4714,4759,4934,5075,5118,5131,5187,5669,5953,5963,6147,6316,6324,6618,6670,7437,7657,7839,7900,8134,8136,8169,8211,8215,8281,8363,8405,8553,8748,8766,9097,9169,9233,9330,9334,9476,9570,9631,9751,9788,9875,10145,10173,10358,10641,10644,10709,10793,11277,11301,11378,11417,11422,11682,11819,11867,11886,11891,11981,12002,12085,12141,12197,12680,12767,12803,12880,13043,13247,13437,13451,13698,13869,14009,14280,14551,14624,14628,14668,14795,14928,15057,15136,15168,15257,15419,15443,15518,15656,15853,16166,16518,16687,16797,16874,16937,17105,17340,17590,17655,17750,17753,17889,17932,17989,18121
133,218,275,490,561,966,974,1242,1478,1695,1921,2180,2206,2719,3272,3771,4523,4554,4558,4700,4803,5111,5275,5991,6049,6226,6331,6563,6746,6932,7245,7369,7701,7906,8320,8339,8377,8823,8864,8882,9400,9472,9590,9627,10020,10024,10042,11017,11816,11932,12553,12704,12971,13109,13223,13236,13524,13643,14452,14636,14841,15007,15126,15536,15626,15820,15845,15878,15945,16349,16785,16893,17411,17614,18004
51,74,76,102,159,291,315,420,443,624,698,703,723,755,771,824,856,874,881,891,910,971,1015,1047,1076,1138,1189,1325,1398,1400,1425,1433,1472,1511,1526,1611,1648,1671,1678,1736,1775,1781,1991,2005,2029,2044,2091,2173,2181,2310,2387,2420,2425,2489,2625,2729,2808,2943,3000,3189,3198,3220,3416,3430,3479,3515,3528,3578,3599,3639,3655,3666,3754,3773,3777,3781,3839,4010,4029,4030,4084,4173,4291,4292,4374,4398,4424,4449,4457,4521,4623,4680,4711,4775,4954,4957,4962,4996,5102,5107,5114,5119,5271,5303,5339,5340,5345,5349,5354,5450,5514,5587,5614,5638,5696,5710,5755,5771,5786,5814,5851,5895,6056,6075,6132,6150,6177,6200,6219,6266,6332,6366,6410,6421,6422,6550,6597,6704,6720,6928,6945,7009,7064,7102,7189,7213,7229,7234,7254,7258,7283,7300,7489,7498,7646,7664,7721,7726,7736,7799,7877,7926,7951,7987,8016,8018,8023,8081,8087,8132,8163,8270,8355,8419,8485,8533,8587,8699,8716,8828,8833,8902,8904,8931,8967,8998,9030,9047,9184,9188,9314,9348,9421,9459,9463,9489,9547,9554,9690,9815,9821,9975,9981,10009,10134,10275,10444,10509,10531,10612,10740,10868,10971,11106,11167,11214,11219,11262,11304,11320,11326,11469,11598,11634,11701,11768,11848,11856,11919,11930,12005,12006,12062,12069,12118,12176,12177,12237,12267,12288,12466,12523,12551,12555,12563,12812,12813,12814,12867,12990,13002,13028,13061,13073,13158,13245,13270,13282,13289,13375,13447,13526,13575,13696,13754,13823,13876,13890,13956,13959,13980,14079,14231,14307,14347,14416,14479,14503,14508,14542,14558,14693,14755,14806,14930,14944,14980,15200,15270,15323,15406,15421,15427,15439,15492,15507,15509,15565,15694,15717,15794,15862,15914,15975,15978,16046,16082,16184,16210,16235,16299,16401,16435,16458,16523,16582,16613,16728,16748,16789,16793,16848,16994,17088,17123,17138,17172,17249,17318,17333,17377,17389,17621,17637,17654,17725,17729,17754,17769,17773,17801,17809,17881,17938,17947,17963,18017,18140
43,72,198,244,277,344,405,605,638,736,750,834,872,893,952,1012,1020,1046,1078,1082,1166,1305,1391,1462,1494,1496,1584,1643,1699,1763,1869,1890,1960,1977,2001,2052,2057,2095,2222,2261,2274,2277,2376,2458,2510,2527,2644,2705,2710,2754,2798,2848,2917,2953,3021,3114,3171,3328,3363,3384,3401,3674,3728,3893,4095,4104,4313,4337,4420,4429,4445,4481,4572,4579,4580,4606,4727,4836,4914,5013,5016,5058,5129,5261,5316,5317,5436,5643,5715,5831,5999,6044,6114,6287,6368,6409,6473,6502,6575,6658,6659,6681,6715,6760,6797,6823,6845,6868,7308,7384,7435,7491,7605,7618,7990,8234,8259,8260,8283,8314,8356,8522,8593,8631,8706,8715,8784,8789,8880,8976,8992,9059,9086,9115,9189,9247,9256,9362,9505,9507,9551,9558,9654,9671,9738,9784,9832,9879,9903,9945,9953,9963,10111,10240,10253,10286,10318,10398,10430,10514,10640,10690,10699,10756,10838,10853,10936,11011,11064,11226,11332,11339,11343,11397,11447,11450,11485,11508,11625,11866,11880,11940,12086,12101,12193,12231,12280,12287,12306,12321,12335,12421,12438,12498,12509,12556,12683,12707,12738,12769,12825,12835,12876,13039,13044,13053,13094,13098,13140,13178,13211,13232,13483,13499,13632,13737,13789,13802,13813,13817,13906,13983,14040,14148,14386,14439,14480,14550,14599,14667,14678,14870,14898,14984,15053,15157,15159,15212,15238,15400,15416,15512,15545,15559,15595,15654,15698,15757,15958,15977,16163,16246,16574,16636,16713,16715,17050,17107,17173,17252,17295,17342,17501,17600,17660,17677,17808,17826,17930,17951,18102,18127
61,65,88,115,197,207,210,289,449,486,527,559,596,704,791,839,960,978,987,1021,1037,1094,1137,1178,1252,1285,1483,1485,1543,1610,1640,1641,1654,1672,1791,1855,1861,1928,1937,2021,2116,2164,2184,2201,2278,2300,2400,2562,2588,2629,2688,2714,2725,2750,2768,2774,2822,2860,2863,2928,2954,2982,2983,3026,3053,3115,3128,3194,3196,3233,3264,3265,3332,3376,3595,3607,3653,3696,3724,3735,3737,3836,3844,3881,4101,4280,4281,4357,4371,4417,4435,4466,4497,4504,4622,4712,4737,4820,4859,4926,4975,5007,5093,5099,5109,5117,5149,5166,5178,5350,5373,5459,5524,5540,5567,5846,5881,6011,6032,6090,6106,6119,6251,6292,6319,6335,6369,6398,6498,6510,6537,6558,6586,6739,6752,6819,6939,6952,6971,7032,7048,7052,7060,7135,7151,7156,7183,7227,7243,7273,7297,7459,7496,7541,7572,7603,7629,7896,8104,8124,8144,8148,8164,8216,8251,8266,8315,8375,8397,8408,8412,8454,8457,8495,8542,8585,8622,8661,8680,8752,8866,8885,8935,8981,9058,9216,9217,9337,9406,9427,9434,9442,9485,9526,9638,9680,9705,9712,9830,9848,9872,9885,9892,9958,9961,10048,10051,10181,10310,10339,10378,10442,10454,10506,10587,10650,10719,10789,10802,10845,10930,11031,11145,11173,11242,11256,11355,11388,11389,11399,11580,11591,11651,11779,11852,12074,12159,12164,12170,12242,12406,12431,12463,12477,12543,12653,12693,12718,12724,12736,12768,12783,12787,12794,12805,12831,12934,12959,12967,13006,13020,13050,13057,13085,13124,13144,13148,13253,13273,13274,13293,13357,13365,13420,13462,13531,13550,13551,13585,13617,13665,13676,13697,13703,13776,13847,13912,13917,13989,14111,14125,14157,14177,14236,14252,14295,14306,14312,14442,14554,14555,14568,14593,14659,14663,14697,14768,14777,14846,14863,14872,14894,14914,14938,15019,15111,15197,15370,15403,15517,15556,15646,15883,15902,15916,15976,16006,16007,16028,16048,16077,16109,16209,16219,16240,16242,16245,16307,16319,16377,16444,16532,16549,16577,16585,16648,16677,16805,16817,16839,16870,16895,16903,16933,16975,17013,17049,17051,17100,17121,17150,17198,17245,17264,17278,17289,17326,17346,17390,17486,17612,17652,17656,17806,17866,17955,18016,18128,18144
63,93,104,108,126,234,272,293,389,546,665,739,790,815,950,1024,1025,1122,1271,1352,1455,1503,1528,1585,1724,1733,1787,1795,1879,1888,1910,1969,2071,2146,2179,2188,2212,2280,2304,2371,2435,2490,2496,2630,2663,2784,2820,2856,3105,3140,3151,3154,3187,3575,3686,3726,3730,3740,3950,3959,3974,4019,4036,4128,4133,4566,4578,4851,4869,4871,4891,4918,5024,5146,5287,5329,5366,5372,5465,5476,5496,5523,5550,5617,5645,5714,5766,5818,5970,6155,6189,6327,6465,6475,6604,6882,6946,7030,7037,7038,7057,7070,7172,7429,7501,7676,7713,7735,7757,7831,7846,7854,7953,7977,8188,8197,8271,8472,8647,8665,8718,8883,8895,8897,9190,9325,9375,9410,9441,9457,9462,9535,9604,9656,9752,9942,9993,10023,10053,10057,10064,10168,10220,10273,10356,10374,10397,10404,10465,10676,10804,10820,11052,11109,11140,11268,11275,11329,11373,11461,11480,11486,11533,11552,11666,11698,11820,12044,12116,12284,12394,12411,12429,12471,12478,12516,12706,12708,12824,12906,12988,12996,13129,13161,13165,13194,13278,13298,13408,13652,13773,14050,14428,14430,14469,14481,14534,14552,14871,14965,15063,15065,15080,15119,15229,15326,15386,15387,15393,15397,15454,15461,15670,15686,15721,15827,15934,15939,16039,16041,16058,16228,16302,16304,16519,16873,17017,17019,17054,17146,17184,17385,17470,17636,17672,17687,17880,17942,17992
3,8,38,49,69,78,80,124,135,150,172,202,211,298,319,330,347,355,357,375,401,413,436,451,458,467,502,503,552,560,576,601,609,613,619,633,657,676,713,724,763,768,777,838,876,931,944,962,992,1056,1067,1175,1221,1314,1326,1333,1345,1348,1350,1357,1370,1384,1387,1437,1452,1465,1467,1468,1475,1492,1495,1512,1537,1544,1575,1598,1673,1682,1779,1790,1799,1802,1817,1825,1840,1858,1878,1998,2012,2024,2030,2034,2037,2059,2107,2136,2139,2292,2294,2386,2388,2397,2412,2417,2451,2474,2478,2480,2574,2587,2594,2613,2616,2620,2645,2682,2690,2739,2756,2777,2792,2804,2812,2831,2833,2870,2901,2923,2924,2941,2946,2980,2985,3019,3038,3097,3122,3141,3169,3201,3284,3315,3354,3414,3429,3433,3458,3465,3510,3529,3535,3569,3593,3651,3714,3727,3755,3782,3792,3805,3809,3860,3864,3877,3933,3940,3953,3993,4001,4024,4045,4100,4103,4122,4172,4224,4230,4234,4265,4297,4309,4319,4324,4328,4342,4344,4408,4418,4425,4461,4464,4501,4516,4518,4527,4541,4564,4567,4569,4585,4598,4600,4604,4627,4670,4674,4738,4761,4796,4818,4838,4845,4873,4878,4888,4908,4938,4943,4973,4976,4993,5002,5038,5048,5051,5057,5083,5210,5213,5214,5218,5245,5257,5307,5319,5341,5368,5422,5445,5480,5560,5566,5599,5606,5640,5642,5673,5678,5703,5705,5736,5769,5791,5807,5874,5896,5920,5944,5981,6074,6086,6091,6095,6117,6156,6207,6208,6229,6237,6244,6275,6301,6345,6351,6354,6358,6371,6374,6424,6486,6494,6569,6591,6624,6640,6641,6647,6735,6744,6748,6753,6798,6822,6843,6859,6869,6908,6924,7013,7033,7045,7062,7091,7093,7111,7128,7168,7181,7187,7253,7316,7323,7339,7358,7361,7367,7400,7410,7412,7432,7441,7485,7493,7536,7585,7586,7607,7659,7684,7688,7695,7731,7737,7758,7763,7793,7800,7864,7891,7899,7913,7948,7959,7976,7995,8031,8034,8043,8045,8090,8149,8150,8205,8208,8209,8277,8317,8325,8338,8348,8352,8413,8426,8446,8462,8508,8520,8521,8550,8568,8572,8582,8646,8657,8670,8677,8678,8785,8787,8831,8840,8860,8863,8865,8886,8891,8905,8908,8913,8916,8919,8952,8964,8971,8988,9035,9076,9133,9223,9275,9327,9355,9388,9408,9481,9482,9493,9501,9560,9572,9598,9603,9610,9629,9660,9708,9728,9753,9771,9802,9804,9807,9817,9842,9854,9857,9869,9870,9893,9904,9918,9967,9982,9995,10005,10008,10066,10086,10092,10112,10114,10120,10122,10149,10153,10167,10184,10217,10283,10312,10315,10324,10325,10327,10328,10330,10331,10342,10345,10359,10375,10445,10477,10487,10516,10530,10548,10565,10568,10602,10657,10663,10668,10694,10707,10725,10729,10782,10791,10799,10817,10840,10842,10856,10908,10919,10942,10964,11000,11038,11102,11152,11161,11170,11188,11203,11206,11315,11360,11376,11398,11406,11420,11424,11453,11455,11464,11493,11499,11502,11503,11535,11538,11548,11588,11593,11596,11604,11606,11612,11615,11624,11706,11722,11726,11825,11844,11873,11875,11952,11983,11985,12016,12017,12033,12080,12084,12106,12130,12145,12185,12212,12222,12241,12255,12258,12272,12279,12302,12303,12349,12534,12602,12627,12633,12659,12669,12692,12730,12772,12776,12801,12817,12841,12875,12881,12885,12893,12894,12899,12950,12974,13041,13055,13081,13093,13139,13157,13214,13224,13238,13294,13333,13442,13454,13501,13513,13525,13601,13619,13647,13680,13711,13715,13732,13769,13777,13811,13867,13888,13896,13913,13932,13938,13939,13947,13949,13986,14048,14096,14103,14110,14178,14224,14243,14247,14263,14282,14298,14311,14324,14330,14339,14340,14375,14384,14402,14408,14436,14441,14457,14461,14462,14478,14494,14540,14571,14620,14626,14664,14743,14749,14751,14762,14798,14799,14814,14817,14818,14824,14867,14911,14918,14927,14963,14966,14994,15003,15006,15008,15049,15067,15101,15108,15117,15128,15129,15170,15189,15203,15222,15252,15276,15288,15315,15334,15357,15398,15399,15463,15485,15489,15567,15571,15607,15678,15683,15706,15709,15727,15742,15744,15749,15760,15766,15768,15781,15788,15799,15806,15831,15884,15887,15901,15907,15927,15928,16003,16018,16043,16088,16089,16097,16131,16140,16187,16234,16274,16328,16329,16351,16352,16370,16379,16442,16451,16465,16472,16495,16505,16511,16526,16575,16630,16639,16647,16678,16686,16694,16696,16725,16746,16765,16772,16815,16818,16830,16831,16853,16858,16861,16871,16915,16925,16926,16946,16964,16970,16973,17001,17022,17040,17046,17067,17070,17077,17098,17128,17164,17179,17189,17215,17232,17272,17284,17287,17329,17350,17356,17360,17379,17391,17397,17399,17458,17515,17523,17532,17545,17549,17563,17584,17619,17673,17707,17766,17782,17802,17841,17913,17923,17931,17965,17968,17978,17980,17998,18024,18089,18091,18092,18098,18145
394,568,584,675,758,923,1493,1568,1832,1900,2335,2401,2775,3208,3390,3641,3804,3862,4225,4261,4289,4404,4910,5365,5381,5596,5796,5810,5878,6050,6233,6453,6834,7291,7360,7666,7765,7869,7888,8074,8331,8573,8797,9119,9224,9326,9343,9746,10026,10655,10821,10886,10890,11151,11323,11475,11519,11911,12436,12537,12560,12936,13305,13497,13580,13815,14796,15621,15793,16169,16571,16581,16948,17102,17199,17426,17538
7,9,11,15,17,31,33,36,37,42,44,46,58,64,71,73,81,84,85,87,96,99,100,101,106,112,123,134,137,139,142,149,151,152,155,158,173,180,186,213,214,216,237,239,243,246,248,255,257,258,260,262,263,269,271,274,299,300,311,312,320,321,324,333,334,337,342,356,360,363,364,368,370,371,372,380,381,382,392,395,404,406,408,409,411,412,425,432,434,438,454,459,472,476,477,479,481,482,483,485,493,496,498,499,505,506,510,512,524,525,536,538,539,541,544,551,577,579,581,582,594,597,598,599,607,610,614,618,623,628,630,631,634,639,640,641,648,656,659,662,670,674,677,681,691,695,696,697,702,710,714,715,718,721,725,735,737,740,744,745,749,751,770,772,773,776,779,780,784,785,786,789,794,795,796,800,803,806,813,828,832,836,841,843,848,850,853,858,863,866,869,870,871,877,878,883,885,889,896,901,902,904,905,906,907,920,921,933,937,949,958,961,985,990,996,1007,1009,1018,1030,1039,1044,1057,1059,1063,1074,1080,1081,1088,1089,1093,1105,1107,1112,1115,1123,1134,1143,1147,1148,1152,1155,1159,1163,1168,1170,1177,1181,1194,1203,1204,1209,1223,1230,1231,1241,1245,1248,1251,1256,1261,1268,1275,1300,1303,1307,1311,1312,1318,1321,1322,1332,1338,1341,1343,1347,1349,1353,1354,1363,1367,1369,1372,1373,1374,1375,1376,1385,1386,1390,1396,1410,1411,1415,1417,1426,1427,1429,1438,1443,1453,1457,1461,1463,1479,1484,1486,1488,1489,1501,1505,1507,1508,1518,1523,1530,1534,1540,1550,1560,1561,1565,1573,1578,1588,1589,1599,1606,1607,1608,1609,1614,1616,1619,1621,1625,1626,1627,1628,1630,1633,1634,1638,1639,1642,1652,1660,1661,1662,1665,1666,1674,1679,1684,1689,1691,1694,1698,1701,1707,1710,1721,1743,1747,1749,1762,1764,1765,1770,1772,1774,1778,1783,1785,1786,1788,1792,1816,1827,1834,1835,1836,1837,1844,1847,1850,1873,1884,1904,1912,1913,1914,1915,1916,1917,1923,1925,1931,1936,1940,1941,1946,1949,1950,1956,1957,1961,1963,1972,1975,1984,1986,1987,1990,1992,1993,1994,1997,2000,2003,2008,2009,2013,2015,2026,2027,2041,2043,2046,2051,2060,2064,2074,2077,2080,2084,2086,2089,2090,2092,2097,2098,2099,2104,2105,2109,2111,2119,2124,2125,2131,2133,2166,2167,2168,2169,2171,2175,2177,2186,2189,2192,2196,2205,2207,2215,2216,2218,2219,2221,2224,2225,2226,2230,2239,2242,2243,2251,2265,2270,2275,2281,2290,2315,2316,2317,2324,2326,2328,2331,2341,2345,2349,2350,2356,2362,2367,2368,2373,2377,2379,2384,2389,2398,2403,2407,2409,2414,2418,2419,2423,2426,2428,2431,2445,2459,2463,2466,2469,2479,2487,2488,2502,2503,2506,2508,2511,2516,2519,2528,2530,2531,2533,2539,2541,2551,2552,2559,2566,2569,2583,2593,2595,2598,2605,2612,2624,2628,2632,2633,2637,2639,2643,2651,2653,2655,2666,2670,2674,2675,2679,2684,2686,2689,2696,2700,2701,2702,2709,2711,2718,2724,2728,2731,2736,2740,2749,2755,2757,2762,2773,2790,2796,2802,2811,2814,2815,2817,2819,2834,2836,2843,2845,2847,2852,2855,2861,2867,2872,2875,2876,2881,2887,2902,2903,2904,2911,2912,2918,2922,2935,2936,2944,2947,2948,2968,2969,2970,2971,2975,2981,2989,2991,3001,3004,3020,3023,3025,3037,3039,3042,3049,3055,3056,3057,3060,3061,3062,3071,3074,3080,3082,3087,3089,3091,3095,3096,3102,3103,3107,3113,3117,3120,3123,3125,3126,3133,3138,3143,3144,3145,3150,3160,3161,3166,3180,3181,3184,3190,3193,3195,3197,3204,3205,3224,3227,3235,3236,3237,3246,3253,3254,3269,3274,3285,3287,3292,3295,3296,3303,3304,3305,3308,3312,3318,3320,3321,3322,3327,3329,3333,3336,3337,3338,3339,3340,3342,3353,3356,3358,3359,3362,3373,3413,3418,3425,3426,3427,3435,3441,3447,3448,3449,3460,3464,3468,3469,3470,3478,3485,3486,3487,3491,3494,3498,3506,3509,3518,3519,3523,3525,3526,3527,3534,3538,3539,3543,3551,3561,3564,3565,3573,3581,3583,3585,3587,3589,3591,3592,3598,3601,3612,3614,3617,3627,3633,3637,3642,3645,3650,3657,3659,3660,3672,3677,3681,3682,3684,3689,3690,3694,3697,3702,3704,3708,3713,3715,3719,3722,3731,3733,3739,3751,3753,3757,3768,3776,3790,3797,3801,3803,3807,3808,3815,3817,3826,3828,3838,3840,3847,3855,3863,3866,3869,3870,3871,3872,3886,3888,3889,3899,3911,3913,3916,3917,3920,3923,3924,3926,3932,3934,3936,3945,3947,3956,3962,3963,3973,3978,3985,3992,4003,4007,4009,4012,4020,4022,4028,4031,4032,4039,4047,4048,4057,4062,4068,4075,4089,4092,4094,4098,4106,4111,4112,4113,4117,4120,4124,4129,4143,4144,4145,4146,4155,4157,4160,4168,4171,4181,4191,4200,4205,4207,4214,4226,4227,4237,4256,4262,4271,4275,4286,4290,4300,4301,4303,4311,4312,4314,4315,4317,4321,4322,4326,4329,4330,4331,4332,4333,4335,4347,4355,4359,4365,4369,4370,4373,4377,4378,4382,4385,4393,4395,4400,4403,4409,4413,4415,4422,4423,4427,4431,4432,4434,4436,4438,4440,4441,4443,4458,4462,4465,4467,4468,4472,4477,4478,4483,4487,4488,4490,4506,4507,4511,4526,4529,4531,4539,4550,4562,4577,4581,4588,4593,4596,4599,4602,4612,4615,4618,4624,4637,4638,4640,4641,4655,4657,4662,4666,4669,4676,4685,4691,4695,4702,4704,4705,4706,4718,4719,4720,4725,4731,4734,4739,4741,4743,4744,4746,4747,4755,4757,4760,4766,4772,4777,4788,4790,4795,4798,4800,4807,4809,4811,4819,4821,4822,4829,4830,4831,4832,4846,4848,4855,4856,4857,4858,4863,4865,4877,4880,4882,4895,4896,4904,4907,4909,4917,4920,4922,4923,4924,4925,4928,4929,4932,4933,4935,4936,4941,4944,4950,4952,4955,4959,4963,4966,4970,4971,4982,4987,4989,4990,4995,4998,4999,5009,5010,5014,5018,5019,5028,5032,5039,5040,5044,5049,5050,5052,5059,5069,5073,5088,5089,5091,5096,5098,5101,5103,5112,5115,5120,5121,5145,5147,5154,5160,5162,5164,5167,5170,5179,5183,5189,5190,5199,5200,5202,5203,5206,5207,5216,5219,5220,5229,5235,5236,5238,5243,5249,5251,5252,5262,5266,5272,5274,5281,5288,5290,5299,5301,5304,5305,5306,5309,5311,5312,5314,5320,5321,5324,5331,5346,5348,5356,5357,5361,5375,5378,5383,5389,5393,5397,5400,5404,5408,5411,5412,5415,5420,5421,5423,5428,5433,5438,5439,5457,5462,5464,5481,5497,5498,5502,5505,5509,5515,5518,5521,5526,5534,5538,5543,5545,5546,5552,5557,5558,5561,5565,5569,5570,5581,5584,5595,5602,5603,5604,5612,5622,5632,5635,5639,5644,5647,5664,5670,5671,5683,5687,5690,5693,5697,5701,5709,5712,5725,5728,5733,5734,5735,5737,5749,5750,5754,5762,5763,5764,5770,5779,5787,5797,5798,5802,5816,5820,5824,5825,5838,5839,5849,5850,5853,5880,5883,5885,5894,5898,5900,5910,5918,5924,5932,5940,5943,5947,5948,5949,5952,5954,5956,5960,5962,5967,5968,5972,5974,5987,5989,5998,6000,6002,6006,6008,6009,6013,6021,6025,6029,6043,6047,6054,6060,6061,6062,6064,6069,6080,6084,6092,6093,6099,6104,6109,6121,6122,6134,6136,6143,6152,6172,6176,6180,6182,6183,6184,6186,6194,6196,6199,6202,6204,6212,6217,6223,6248,6250,6264,6273,6276,6280,6282,6285,6286,6293,6302,6308,6314,6317,6321,6325,6329,6338,6341,6342,6357,6359,6360,6361,6363,6367,6375,6376,6381,6394,6396,6400,6403,6405,6416,6417,6428,6432,6433,6439,6441,6447,6451,6455,6457,6459,6460,6463,6469,6471,6477,6479,6481,6487,6489,6490,6492,6493,6495,6497,6499,6501,6511,6512,6519,6527,6536,6539,6540,6542,6549,6551,6552,6562,6565,6566,6590,6594,6595,6600,6605,6609,6610,6612,6614,6616,6619,6622,6623,6626,6629,6630,6632,6633,6635,6636,6637,6646,6649,6650,6651,6654,6660,6664,6673,6677,6685,6688,6690,6693,6699,6710,6712,6726,6730,6733,6736,6737,6743,6750,6751,6754,6755,6758,6759,6763,6771,6773,6781,6793,6802,6806,6813,6816,6818,6821,6836,6837,6839,6848,6856,6858,6866,6871,6876,6880,6883,6885,6890,6891,6899,6903,6911,6912,6916,6919,6926,6935,6943,6949,6951,6960,6962,6967,6974,6980,6981,6983,6984,6985,6993,7004,7014,7015,7016,7017,7019,7024,7025,7042,7044,7055,7056,7058,7065,7069,7078,7079,7083,7084,7085,7100,7103,7106,7109,7113,7116,7117,7118,7121,7123,7125,7127,7132,7140,7143,7146,7148,7161,7164,7178,7184,7186,7192,7195,7202,7208,7209,7214,7220,7222,7224,7236,7237,7239,7241,7242,7249,7255,7257,7265,7274,7276,7277,7280,7293,7299,7314,7317,7318,7320,7325,7327,7328,7335,7337,7345,7349,7364,7366,7368,7376,7377,7398,7403,7404,7408,7415,7420,7421,7424,7451,7453,7457,7460,7463,7464,7465,7467,7471,7480,7482,7495,7515,7517,7518,7525,7527,7529,7534,7537,7538,7542,7545,7547,7551,7553,7557,7558,7565,7574,7575,7577,7578,7579,7584,7587,7589,7593,7594,7614,7619,7620,7630,7634,7637,7645,7647,7649,7650,7651,7691,7697,7705,7708,7719,7724,7730,7732,7739,7740,7741,7742,7748,7750,7753,7760,7782,7783,7790,7794,7798,7801,7802,7803,7810,7812,7821,7822,7823,7824,7826,7829,7833,7834,7841,7843,7844,7850,7856,7858,7859,7861,7863,7867,7880,7884,7886,7889,7894,7895,7903,7905,7908,7912,7917,7920,7921,7923,7930,7931,7936,7937,7939,7942,7949,7950,7954,7955,7964,7967,7972,7973,7974,7980,7989,7994,7998,8008,8013,8014,8024,8026,8030,8051,8055,8062,8064,8068,8073,8082,8099,8103,8111,8114,8121,8127,8130,8135,8139,8154,8158,8160,8162,8173,8177,8180,8181,8182,8184,8191,8200,8206,8207,8210,8212,8217,8218,8219,8226,8231,8233,8235,8239,8240,8241,8245,8246,8250,8253,8258,8261,8262,8286,8288,8293,8309,8313,8321,8328,8345,8346,8354,8358,8359,8360,8361,8368,8369,8381,8382,8385,8386,8393,8407,8409,8410,8415,8421,8422,8425,8427,8431,8434,8438,8444,8447,8452,8461,8473,8477,8484,8493,8499,8501,8502,8505,8509,8523,8524,8534,8536,8537,8538,8539,8541,8543,8549,8551,8554,8580,8581,8584,8594,8596,8605,8606,8608,8612,8614,8616,8620,8621,8623,8626,8633,8634,8639,8642,8648,8653,8663,8672,8675,8681,8682,8686,8689,8692,8696,8700,8704,8709,8714,8721,8722,8728,8729,8731,8733,8742,8743,8753,8756,8759,8760,8761,8767,8769,8771,8777,8780,8786,8798,8800,8805,8808,8813,8817,8824,8825,8841,8844,8845,8846,8850,8851,8855,8859,8867,8868,8873,8878,8887,8910,8912,8914,8920,8921,8922,8924,8926,8927,8933,8937,8942,8947,8948,8949,8950,8956,8959,8961,8962,8963,8966,8968,8979,8980,8986,8987,8994,9003,9004,9015,9026,9031,9033,9034,9036,9040,9041,9042,9043,9048,9049,9054,9062,9067,9068,9073,9074,9084,9085,9099,9101,9104,9108,9110,9111,9124,9127,9142,9146,9148,9151,9161,9162,9166,9172,9183,9193,9197,9202,9215,9222,9240,9248,9250,9254,9255,9263,9267,9269,9272,9290,9293,9294,9297,9299,9309,9310,9315,9316,9331,9338,9339,9342,9345,9346,9349,9353,9368,9376,9384,9391,9392,9393,9394,9395,9396,9399,9409,9412,9414,9417,9419,9420,9429,9430,9449,9450,9456,9466,9468,9471,9473,9483,9484,9499,9500,9502,9504,9508,9510,9512,9536,9539,9546,9548,9552,9557,9559,9564,9575,9581,9586,9593,9594,9605,9613,9625,9626,9630,9639,9643,9646,9648,9651,9655,9658,9667,9668,9670,9674,9699,9701,9703,9709,9715,9717,9718,9723,9724,9725,9726,9729,9731,9732,9735,9741,9742,9755,9757,9758,9764,9781,9783,9795,9799,9809,9823,9824,9846,9849,9850,9851,9852,9856,9858,9867,9874,9880,9890,9891,9897,9916,9924,9931,9932,9940,9957,9959,9964,9965,9976,9980,9984,9991,9992,9996,10001,10010,10011,10013,10014,10025,10029,10034,10035,10040,10041,10044,10049,10052,10054,10055,10056,10070,10073,10078,10084,10087,10088,10094,10098,10099,10101,10102,10103,10105,10123,10125,10129,10133,10135,10136,10142,10143,10144,10148,10152,10154,10165,10166,10169,10170,10174,10189,10202,10208,10210,10214,10224,10225,10226,10230,10232,10233,10242,10247,10248,10261,10268,10270,10274,10277,10279,10280,10281,10287,10292,10296,10299,10301,10306,10319,10337,10349,10360,10362,10364,10370,10376,10377,10394,10399,10403,10407,10409,10410,10415,10419,10422,10425,10431,10441,10450,10460,10463,10478,10480,10481,10484,10485,10489,10494,10500,10501,10508,10520,10532,10537,10544,10546,10550,10551,10553,10555,10563,10567,10572,10579,10582,10592,10593,10607,10608,10610,10613,10616,10622,10624,10627,10629,10631,10632,10637,10648,10651,10653,10658,10661,10664,10666,10670,10671,10685,10689,10692,10697,10698,10700,10703,10712,10713,10737,10741,10742,10751,10753,10754,10755,10768,10778,10781,10785,10786,10790,10806,10808,10810,10812,10815,10825,10830,10833,10839,10846,10848,10849,10852,10854,10855,10860,10870,10874,10876,10884,10885,10894,10903,10905,10918,10924,10927,10938,10949,10951,10960,10961,10966,10970,10973,10977,10983,10984,10991,10993,10996,10999,11002,11008,11010,11020,11021,11024,11028,11033,11034,11043,11045,11046,11048,11051,11058,11066,11081,11087,11090,11094,11098,11100,11103,11105,11112,11117,11119,11120,11125,11129,11137,11138,11146,11149,11157,11159,11162,11169,11172,11176,11178,11179,11181,11183,11185,11186,11187,11191,11192,11193,11194,11198,11201,11204,11207,11208,11213,11216,11218,11220,11225,11230,11233,11235,11241,11248,11249,11251,11253,11258,11264,11269,11271,11276,11278,11283,11288,11290,11294,11297,11298,11300,11302,11309,11312,11322,11325,11328,11334,11338,11340,11341,11342,11346,11353,11356,11362,11364,11366,11367,11368,11375,11382,11386,11392,11395,11400,11402,11403,11408,11415,11416,11435,11446,11452,11472,11482,11483,11492,11495,11500,11506,11510,11511,11523,11525,11529,11534,11536,11537,11545,11558,11566,11567,11569,11573,11577,11581,11584,11592,11607,11613,11616,11617,11622,11631,11635,11637,11639,11642,11656,11658,11659,11663,11664,11665,11670,11677,11680,11684,11691,11695,11699,11707,11711,11714,11725,11729,11730,11742,11744,11748,11749,11770,11775,11781,11783,11785,11787,11792,11793,11797,11801,11815,11817,11818,11821,11824,11827,11828,11833,11837,11840,11847,11850,11854,11858,11860,11861,11864,11879,11882,11885,11890,11893,11896,11900,11901,11907,11908,11914,11918,11922,11926,11936,11937,11942,11943,11944,11946,11953,11955,11960,11963,11964,11979,11980,11982,11987,11992,11993,11994,11997,12003,12010,12011,12012,12014,12027,12028,12029,12030,12031,12042,12050,12051,12057,12063,12070,12071,12077,12079,12081,12083,12088,12090,12091,12105,12107,12108,12110,12113,12124,12132,12136,12140,12152,12153,12154,12155,12157,12165,12169,12172,12174,12179,12190,12192,12194,12198,12200,12204,12221,12225,12229,12233,12244,12248,12251,12260,12266,12268,12273,12274,12278,12283,12285,12286,12289,12290,12292,12296,12304,12307,12314,12315,12319,12337,12339,12341,12343,12344,12346,12350,12362,12366,12368,12371,12377,12378,12382,12383,12384,12386,12387,12388,12395,12396,12401,12403,12405,12412,12413,12416,12426,12427,12433,12439,12443,12451,12453,12461,12472,12475,12489,12490,12491,12493,12500,12501,12504,12506,12512,12513,12515,12520,12529,12531,12544,12549,12552,12557,12559,12562,12565,12566,12571,12573,12575,12582,12585,12591,12593,12604,12606,12609,12612,12619,12622,12623,12625,12630,12632,12642,12652,12658,12663,12668,12670,12672,12675,12682,12688,12689,12698,12701,12703,12716,12723,12725,12727,12728,12732,12743,12750,12753,12754,12764,12766,12773,12775,12778,12791,12795,12800,12808,12821,12826,12838,12839,12855,12856,12859,12870,12877,12882,12890,12895,12897,12904,12910,12911,12914,12915,12916,12920,12931,12953,12978,12979,12980,12981,12993,12998,13005,13007,13009,13011,13015,13022,13025,13030,13037,13042,13051,13060,13063,13071,13072,13074,13080,13090,13092,13100,13101,13108,13117,13122,13125,13132,13141,13145,13150,13154,13164,13167,13168,13169,13171,13172,13173,13175,13181,13182,13184,13191,13193,13195,13199,13206,13221,13227,13231,13240,13251,13254,13259,13260,13263,13264,13268,13271,13276,13281,13285,13286,13302,13304,13308,13315,13322,13324,13325,13327,13334,13339,13345,13346,13348,13354,13355,13368,13371,13376,13378,13382,13390,13394,13401,13402,13406,13407,13425,13426,13427,13439,13440,13445,13448,13455,13463,13467,13473,13481,13482,13487,13493,13502,13506,13518,13519,13521,13529,13530,13533,13540,13548,13552,13556,13565,13566,13568,13569,13571,13573,13578,13591,13609,13610,13612,13614,13621,13634,13635,13637,13638,13654,13655,13656,13662,13666,13671,13677,13679,13682,13684,13685,13687,13688,13691,13692,13702,13704,13706,13708,13709,13712,13714,13716,13717,13719,13729,13733,13734,13735,13744,13745,13749,13750,13752,13753,13757,13774,13781,13782,13784,13788,13794,13796,13797,13803,13805,13807,13809,13822,13824,13827,13831,13834,13836,13840,13843,13844,13849,13853,13854,13861,13870,13873,13874,13879,13893,13898,13900,13905,13908,13914,13915,13924,13933,13935,13936,13943,13944,13945,13950,13958,13960,13967,13977,13978,13979,13981,13982,13988,13991,13994,13997,14001,14002,14005,14007,14008,14013,14016,14022,14023,14027,14034,14038,14041,14045,14053,14055,14057,14067,14073,14075,14078,14083,14086,14087,14089,14093,14095,14100,14112,14113,14114,14119,14127,14128,14131,14132,14134,14135,14149,14151,14156,14169,14170,14171,14174,14175,14176,14190,14192,14195,14196,14200,14201,14208,14209,14214,14221,14225,14227,14228,14229,14234,14241,14244,14251,14256,14261,14276,14277,14284,14286,14287,14288,14299,14300,14302,14304,14310,14313,14314,14317,14319,14328,14329,14334,14343,14346,14348,14356,14362,14363,14365,14371,14372,14376,14385,14388,14400,14401,14405,14411,14412,14414,14418,14420,14429,14435,14446,14447,14455,14456,14459,14468,14477,14482,14488,14491,14502,14507,14513,14514,14523,14525,14526,14531,14537,14560,14561,14566,14573,14575,14577,14581,14582,14583,14592,14596,14600,14601,14605,14619,14621,14622,14627,14629,14634,14639,14640,14642,14661,14672,14674,14675,14681,14682,14684,14686,14690,14700,14704,14710,14713,14728,14729,14730,14731,14736,14766,14769,14771,14774,14778,14779,14781,14785,14786,14787,14797,14804,14812,14822,14827,14830,14834,14836,14847,14850,14851,14852,14856,14857,14864,14869,14885,14889,14895,14907,14910,14920,14922,14924,14932,14935,14936,14937,14940,14942,14946,14954,14960,14971,14974,14975,14986,14993,15001,15004,15011,15013,15015,15016,15017,15021,15032,15036,15040,15043,15066,15068,15079,15081,15085,15086,15087,15092,15094,15099,15103,15107,15116,15131,15133,15137,15141,15147,15148,15151,15152,15154,15166,15167,15169,15177,15179,15181,15183,15184,15186,15187,15191,15193,15196,15198,15201,15205,15210,15217,15220,15227,15232,15235,15243,15248,15255,15256,15266,15273,15280,15283,15284,15290,15291,15294,15298,15300,15301,15305,15309,15316,15338,15340,15345,15353,15354,15361,15371,15374,15375,15381,15382,15383,15388,15389,15391,15394,15402,15408,15410,15424,15425,15430,15431,15436,15438,15444,15446,15459,15460,15462,15464,15467,15468,15469,15473,15477,15478,15482,15494,15496,15497,15505,15506,15508,15511,15524,15530,15531,15532,15542,15543,15546,15547,15554,15560,15569,15574,15590,15593,15596,15600,15603,15606,15619,15623,15629,15630,15631,15632,15636,15642,15643,15645,15653,15655,15661,15663,15664,15668,15669,15674,15685,15687,15690,15691,15710,15711,15712,15715,15718,15719,15720,15722,15730,15738,15746,15755,15758,15769,15772,15776,15777,15783,15791,15808,15815,15817,15825,15833,15837,15838,15839,15843,15846,15847,15848,15865,15877,15882,15885,15886,15891,15899,15908,15912,15915,15917,15924,15925,15932,15940,15944,15947,15952,15956,15957,15960,15961,15963,15964,15970,15973,15981,15982,15983,15989,15992,15993,16005,16010,16017,16023,16026,16027,16031,16033,16047,16052,16054,16061,16067,16069,16073,16074,16075,16086,16091,16100,16101,16104,16130,16136,16143,16149,16153,16158,16159,16165,16168,16170,16178,16183,16186,16194,16197,16202,16203,16212,16215,16218,16232,16247,16254,16257,16260,16262,16264,16266,16269,16271,16282,16290,16291,16296,16300,16305,16313,16314,16316,16317,16325,16330,16334,16335,16341,16342,16360,16363,16367,16381,16384,16386,16392,16397,16402,16409,16414,16419,16425,16428,16429,16433,16434,16440,16445,16446,16448,16449,16450,16456,16466,16471,16476,16477,16487,16493,16504,16507,16513,16524,16525,16528,16529,16531,16543,16552,16558,16560,16565,16567,16570,16572,16590,16591,16597,16602,16603,16607,16616,16620,16631,16645,16649,16654,16655,16663,16665,16676,16679,16682,16683,16685,16688,16695,16699,16703,16708,16716,16720,16722,16726,16729,16733,16740,16744,16745,16752,16759,16764,16766,16769,16770,16771,16774,16780,16784,16801,16803,16808,16811,16825,16826,16832,16843,16844,16856,16859,16867,16868,16882,16888,16894,16896,16897,16913,16924,16942,16943,16945,16950,16958,16963,16967,16969,16971,16972,16978,16979,16986,16991,16999,17002,17006,17021,17023,17030,17031,17032,17034,17043,17059,17066,17069,17073,17075,17078,17080,17082,17089,17111,17112,17114,17117,17122,17124,17125,17131,17133,17135,17151,17153,17154,17156,17158,17160,17166,17176,17187,17188,17202,17213,17217,17218,17244,17250,17251,17256,17258,17261,17263,17265,17274,17275,17280,17293,17307,17312,17313,17314,17322,17335,17336,17337,17338,17341,17347,17358,17359,17361,17364,17365,17368,17369,17373,17376,17380,17382,17383,17388,17392,17396,17398,17402,17405,17412,17428,17429,17430,17435,17437,17439,17444,17457,17460,17461,17465,17478,17484,17485,17487,17488,17492,17494,17497,17499,17503,17504,17509,17510,17513,17527,17528,17529,17531,17539,17567,17570,17594,17596,17599,17609,17613,17616,17617,17622,17629,17632,17639,17640,17642,17650,17661,17663,17666,17668,17669,17675,17685,17689,17692,17697,17705,17706,17708,17712,17714,17723,17731,17733,17738,17745,17747,17762,17770,17771,17776,17781,17783,17796,17797,17812,17815,17824,17825,17829,17832,17835,17840,17856,17861,17862,17869,17871,17872,17876,17883,17894,17898,17927,17933,17936,17937,17941,17944,17946,17948,17953,17957,17959,17962,17964,17967,17976,17988,17991,17995,17997,18000,18002,18003,18011,18018,18020,18021,18033,18034,18035,18039,18040,18043,18046,18051,18052,18056,18057,18066,18068,18075,18085,18086,18087,18095,18099,18100,18106,18110,18111,18114,18115,18117,18122,18123,18125,18126,18131,18133,18137,18139,18146,18147,18149,18151
303,383,652,926,1192,1258,1337,1431,1592,1605,1726,1737,1848,1859,2054,2128,2306,2342,2416,2554,2579,2597,2665,2741,2910,3031,3206,3240,3392,3477,3626,3664,3736,4046,4388,4492,5033,5086,5258,5352,5451,5487,5562,5589,5601,5667,5716,5799,6211,6344,6356,6364,6757,6764,6929,7108,7252,7290,7309,7310,7386,7414,7422,7616,7624,7660,7696,7700,7860,8040,8120,8161,8308,8526,8592,8801,8854,9013,9264,9279,9405,9497,9506,9509,9545,9762,9838,10037,10163,10457,10591,10598,10749,10954,11039,11044,11071,11295,11411,11479,11563,11572,12047,12379,12397,12444,12579,12976,13087,13097,13359,13403,13845,13963,13973,14025,14085,14104,14198,14301,14354,14367,14379,14493,14553,14615,14733,14883,15097,15333,15417,15434,15498,15537,15553,15597,15644,15708,15750,16343,16359,16583,16741,16786,16822,16838,16851,17194,17228,17491,17582,17626,17645,17761,17795,17897,17939,17971,18105
68,89,195,267,294,410,448,473,649,816,1002,1072,1160,1184,1188,1234,1247,1441,1517,1529,1838,1870,1889,1976,2019,2035,2142,2174,2210,2235,2340,2399,2415,2481,2560,2600,2708,2838,2990,3162,3277,3288,3335,3450,3568,3789,3845,4005,4058,4114,4208,4236,4255,4316,4634,4651,4661,4913,4916,5042,5136,5448,5828,5911,6116,6227,6462,6468,6525,6904,7072,7082,7263,7288,7540,7552,7725,7857,8248,8333,8411,8468,8500,8544,8571,8930,9039,9164,9242,9277,9378,9530,9642,9843,9906,9907,10100,10201,10373,10385,10440,10559,10722,10847,10863,10953,11307,11477,11710,11747,11830,11841,12009,12045,12249,12275,12312,12502,12538,12999,13127,13137,13192,13237,13257,13449,13492,13559,13623,13644,13695,13725,13801,13923,13954,14262,14318,14377,14438,14539,14603,14742,14855,15058,15440,15449,15549,15550,15561,15622,15671,15734,15756,15813,16029,16284,16289,16410,16432,16553,16592,16610,16615,16656,16779,16788,16966,16995,17103,17257,17450,17525,17530,17550,17560,17724,17814,18076,18084
729,994,1016,1119,1290,1571,2525,3555,3747,3904,4136,4223,4250,4437,4528,4530,4658,4735,4752,4828,5267,5351,5520,5630,5724,5745,5901,5915,6164,6169,6438,6531,6560,6865,7107,7157,7598,7711,7775,7789,7945,8056,8091,9160,9333,9389,9767,9974,10212,10256,10471,11501,11601,11760,11767,12139,12160,12295,12656,12735,12917,12984,13267,13335,13458,13470,13693,13910,14082,14091,14440,14520,14633,14758,14866,15039,15231,15249,15337,15347,15472,15659,15677,15801,16138,16357,16886,17143,17196,17408,17418,17547,17877
53,122,203,433,474,492,636,682,722,734,865,903,975,1017,1111,1114,1128,1146,1249,1346,1572,1583,1656,1771,1829,1891,1911,2178,2298,2369,2375,2499,2558,2652,2733,2760,2880,2894,2977,3002,3170,3258,3262,3275,3282,3375,3574,3688,3758,3779,3791,3834,3883,4086,4121,4123,4212,4353,4455,4476,4701,4763,4884,4948,5159,5234,5296,5297,5406,5435,5501,5563,5608,5676,5936,5942,5984,6087,6235,6278,6279,6454,6480,6706,6888,6902,7149,7304,7430,7500,7632,7687,7804,7838,7897,8006,8058,8092,8289,8373,8391,8414,8423,8445,8453,8516,8613,8651,8726,8835,8849,9021,9361,9487,9525,9617,9688,9697,9714,9915,10033,10155,10204,10254,10263,10416,10476,10504,10540,10573,10595,10706,10767,10780,11029,11050,11062,11063,11089,11257,11490,11518,11620,11769,11906,11949,11991,12096,12103,12149,12187,12239,12310,12488,12601,12635,12715,12746,12843,12992,13034,13107,13155,13222,13288,13615,13699,13765,13984,14235,14278,14432,14563,14623,14657,14701,14754,14813,14848,15142,15207,15218,15289,15304,15404,15412,15502,15773,15854,15855,15888,15929,15979,16285,16484,16509,16521,16652,16724,16918,16936,16939,16987,17351,17363,17524,17586,17631,17664
92,164,174,253,348,378,441,445,782,1120,1139,1310,1378,1403,1593,1996,2127,2130,2204,2267,2311,2321,2363,2390,2394,2449,2484,2514,2603,2695,2747,2864,2915,3050,3415,3541,3680,3823,3942,3954,3968,4116,4162,4167,4267,4525,4597,4690,4749,4988,5070,5161,5343,5461,5472,5512,5674,5759,5780,6018,6057,6243,6304,6333,6425,6579,6587,6708,6787,6803,7005,7008,7341,7378,7394,7722,7795,7820,7904,7938,8225,8265,8357,8424,8619,8643,8701,8776,8955,9028,9065,9460,9577,9920,9986,9990,10121,10140,10194,10196,10223,10290,10486,10519,10570,10571,10726,10760,10777,11009,11037,11083,11259,11357,11358,11425,11603,11605,11649,11728,11766,11872,11897,11998,12000,12297,12336,12347,12404,12517,12641,12678,12717,12756,12786,12816,12858,13052,13054,13059,13076,13230,13331,13383,13457,13848,13866,13894,13897,13925,13990,14161,14197,14273,14454,14528,14887,15165,15202,15342,15390,15409,15451,15724,16042,16167,16204,16277,16309,16398,16545,16551,16638,16669,16883,17035,17087,17320,17482,17611,17674,17767,17875,17915,18015,18065,18124
146,167,323,366,390,650,663,820,821,860,900,934,1075,1079,1127,1236,1284,1292,1324,1329,1402,1532,1618,1644,1722,1767,1805,1822,1854,1897,1939,1971,2070,2120,2234,2273,2312,2339,2365,2442,2524,2608,2672,3172,3228,3251,3628,3710,3711,3765,3767,3835,3880,3897,3898,3983,4184,4209,4276,4496,4894,4906,4978,5110,5156,5225,5362,5386,5391,5456,5495,5564,5572,5598,5743,5809,5852,5976,6019,6089,6097,6133,6158,6206,6254,6300,6522,6528,6546,6740,6805,7115,7136,7396,7490,7662,7679,7683,7786,7796,7818,7835,7907,7925,7978,8025,8065,8179,8201,8220,8269,8305,8611,8779,8807,8853,8997,9118,9211,9244,9531,9694,9769,9863,9938,10069,10080,10096,10124,10213,10250,10365,10429,10470,10683,10772,10801,11035,11049,11076,11113,11166,11199,11200,11260,11314,11370,11381,11466,11641,11674,11683,11927,11929,12019,12240,12263,12264,12511,12607,12685,12714,12744,12788,12790,12836,12995,13183,13200,13202,13379,13411,13588,13639,13653,13885,13887,13992,14065,14173,14239,14259,14360,14564,14702,14721,14849,14900,14999,15095,15098,15414,15481,15563,15620,15699,15753,15859,15906,15926,16040,16216,16310,16324,16418,16542,16923,16997,17057,17126,17165,17191,17193,17226,17236,17260,17299,17315,17496,17574,17605,17627,17635,17671,17786,17823,17827,17834,17864,17891,17912
520,693,807,1097,2113,2191,2897,3188,3482,3546,3597,3892,4724,5222,5443,5547,6020,6058,6101,6413,6491,6691,7040,7488,7535,8280,8570,9096,9204,9220,9243,9380,9737,10206,10392,10578,11088,11134,11195,11310,11507,11632,12008,12138,12147,12525,13723,13948,14069,14206,14398,14569,14648,15010,15020,15033,15586,16864,17055,17097,17168,17219,17587,17804,17901,17945
182,219,415,507,523,592,643,799,879,1005,1087,1108,1161,1220,1405,1444,1473,1474,1515,1516,1647,1677,1769,1843,1876,1935,2073,2114,2307,2447,2464,2564,2565,2609,2619,2687,2698,2829,2965,3041,3110,3112,3147,3149,3176,3242,3255,3301,3385,3398,3406,3421,3445,3474,3503,3705,3799,3824,3859,3909,4026,4040,4343,4570,4693,4968,5063,5074,5076,5081,5223,5430,5446,5492,5573,5586,5657,5659,5782,5917,5921,5929,6016,6045,6113,6157,6159,6239,6310,6380,6395,6508,6668,6860,6863,6933,6956,7050,7196,7324,7481,7484,7809,7868,8059,8079,8096,8167,8203,8316,8337,8376,8400,8494,8597,8629,8654,8688,8900,9098,9136,9167,9234,9251,9328,9426,9533,9689,9713,9720,9733,9866,10007,10109,10141,10197,10417,10552,10654,10656,10805,10896,10928,11061,11073,11135,11202,11478,11578,11630,11708,11931,11938,11996,12122,12227,12247,12329,12334,12492,12494,12497,12530,12532,12533,12572,12686,12699,12857,13014,13049,13116,13134,13136,13290,13309,13342,13349,13435,13460,13496,13669,13690,13829,13837,13859,13886,13909,14014,14090,14101,14105,14116,14271,14320,14333,14421,14463,14511,14535,14602,14610,14644,14646,14765,14860,14890,15089,15155,15263,15299,15341,15346,15352,15368,15380,15539,15552,15555,15751,15764,15771,15966,16056,16078,16085,16099,16160,16179,16253,16311,16353,16424,16461,16500,16664,16666,16701,16758,17052,17108,17127,17212,17220,17281,17419,17424,17514,17537,17618,17718,17742,17813,17819,17899,18001,18022,18028,18048,18118
79,90,251,680,855,908,1264,2083,2145,2320,2323,2446,2507,2642,3040,3108,3214,3644,3990,4015,4038,4052,4482,4509,4754,4911,5062,5544,5548,5719,6128,6213,6402,6661,6738,6998,7073,7145,7261,7313,7444,7550,7677,7848,7898,8268,8548,8578,8617,9100,9285,9347,9433,9514,10411,10877,10914,11078,11127,11139,11434,11718,11724,11791,11916,12054,12067,12414,12624,12729,12781,13143,13326,13410,13423,13633,13767,13961,13987,14138,14467,14811,14882,15237,15376,15605,15986,16249,16347,16635,16712,16812,17130,17579,17784,17838
35,194,245,281,296,310,329,332,402,422,570,588,783,945,1000,1202,1206,1892,1964,2028,2042,2076,2301,2462,2623,2640,2746,3034,3174,3223,3261,3281,3395,3582,3761,3867,3937,3966,3976,4222,4307,4428,4653,4823,4931,5000,5434,5474,5793,6162,6517,6533,6648,6682,7080,7099,7223,7399,7531,8078,8083,8122,8125,8189,8278,8401,8450,8514,8540,8635,8819,8896,9016,9081,9241,9246,9321,9332,9615,9640,9901,9935,10050,10156,11012,11280,11413,11494,11520,11755,11802,12340,12351,12510,12863,12933,13113,13287,13606,13636,14187,14395,14450,14609,14714,14745,14800,14977,15442,15707,15844,15870,15889,15936,16105,16107,16154,16164,16308,16405,16443,16498,16675,16697,16698,16753,16834,17045,17259,17940,17981,18063,18083
220,407,469,549,586,666,708,709,769,859,895,915,965,1010,1142,1201,1327,1631,1651,1659,1734,1757,2202,2213,2285,2330,2338,2582,2853,2956,3043,3065,3244,3476,3514,3620,3630,3858,4109,4154,4460,4549,4647,4672,4816,4945,4972,5084,5139,5148,5401,5516,5858,6024,6033,6042,6046,6261,6296,6299,6326,6504,6505,6556,6713,6762,6770,6776,6811,7035,7074,7256,7272,7286,7354,7436,7592,7720,7961,8027,8085,8194,8451,8555,8577,8764,8809,8874,8884,9070,9173,9209,9281,9455,9583,9679,9770,9777,9786,9970,9998,10059,10237,10258,10298,10333,10347,10361,10388,10482,10710,10773,10818,10913,10981,10989,10998,11067,11148,11319,11333,11369,11497,11648,11660,11703,11883,12024,12087,12181,12195,12327,12361,12419,12486,12595,12615,12846,12860,12883,12891,12928,13213,13233,13358,13404,13416,13562,13871,13985,14006,14037,14080,14165,14279,14451,14588,14591,14843,15258,15307,15367,15456,15575,15594,15785,15910,16008,16233,16331,16403,16438,16674,16823,16907,16932,17007,17208,17427,17459,17555,17585,17591,17610,17681,17717,17728,17758,17850,17973,18064,18120,18130
161,193,292,351,386,444,452,845,951,983,1198,1274,1519,1538,1664,2520,2720,2892,2957,3048,3155,3215,3273,3580,3596,3762,3766,4050,4188,4233,4259,4264,4270,4557,4979,5325,5419,5823,5923,6031,6082,6190,6385,6611,6742,6838,6851,6976,7027,7163,7226,7357,7588,7622,7627,7883,7981,8175,8223,8302,8323,8464,8561,8636,8893,9210,9534,9588,9787,9943,10150,10414,10549,10764,10878,10887,10917,11018,11361,11393,11542,11570,11644,11734,11759,11800,11832,11870,12166,12182,12252,12596,12720,12960,12963,13209,13366,13466,13625,13730,13746,14011,14015,14019,14124,14182,14213,14423,14496,14612,14692,15031,15278,15576,15627,15735,15823,16385,16522,16768,16872,16914,17068,17238,17518,17720,17828,18109
95,103,165,201,282,346,354,377,513,753,932,938,1319,1412,1531,1551,1687,1696,1716,1895,1978,2065,2115,2122,2209,2295,2299,2402,2515,2553,2654,2661,2816,2966,3092,3130,3192,3211,3249,3310,3355,3463,3522,3547,3744,3760,3783,3853,3856,3884,3943,3982,3986,4053,4060,4216,4245,4361,4368,4584,4620,4633,4636,4642,4643,4668,4805,4826,4985,5030,5163,5169,5171,5263,5278,5328,5394,5467,5531,5533,5580,5634,5707,5721,5784,5835,5867,6111,6188,6241,6259,6269,6270,6306,6353,6388,6408,6430,6437,6520,6606,6728,6775,6786,6850,7003,7162,7203,7395,7402,7445,7640,7768,7874,8020,8272,8319,8370,8388,8632,8640,8644,8711,8744,8781,8791,8939,8991,9072,9236,9252,9274,9318,9351,9383,9451,9662,9677,9682,9695,9778,9888,9909,9919,9933,10063,10126,10138,10408,10412,10493,10536,10614,10688,10705,10871,10889,10891,10982,11121,11128,11150,11330,11354,11418,11476,11614,11689,11693,11731,11807,11834,11835,11853,11868,12034,12037,12052,12093,12330,12450,12631,12639,12820,12862,12901,12907,12944,12951,12954,12972,12983,13003,13021,13029,13033,13210,13218,13318,13367,13736,13747,13806,14030,14139,14163,14164,14250,14260,14417,14464,14557,14654,14737,14738,14790,14825,14939,14996,14998,15070,15088,15130,15174,15188,15236,15369,15385,15433,15501,15589,15604,15638,15657,15676,15702,15780,15857,15953,15990,16050,16053,16094,16389,16492,16501,16535,16628,16706,16723,16927,16953,16956,17064,17104,17157,17211,17325,17367,17455,17479,17483,17562,17572,17602,17659,17699,17760,17772,17887,17895,17905,17910,17919,17956,18025,18103
192,249,465,1558,2378,3654,3874,4740,4844,5077,5174,6153,6291,7010,7021,7167,7174,7703,7885,8145,8459,9475,9716,9789,10077,10159,10680,11114,12238,12569,12850,13008,13066,13428,13577,13664,14726,14854,15308,15601,15740,16198,16248,16404
56,105,128,170,199,460,471,556,767,918,1095,1150,1546,1567,1636,1712,2256,2268,2289,2348,2504,2581,2961,3014,3098,3109,3153,3243,3331,3361,3530,3640,4203,4450,4502,4536,4678,4768,4786,5212,5256,5424,5646,5848,5875,5993,6220,6268,6352,6418,6467,6741,6795,6804,6898,6918,6975,6995,7088,7244,7375,7745,7943,8028,8187,8379,8566,8765,8773,8953,9044,9175,9192,9207,9407,9411,9431,9445,9540,9645,9969,9979,10132,10216,10313,10448,10496,10543,10728,10770,10841,10851,10898,10955,11006,11059,11239,11317,11421,11586,11627,11753,11813,11965,12519,12536,12578,12770,12937,12939,13190,13389,13397,13488,13558,13589,13756,13770,13790,13842,14018,14102,14153,14167,14215,14267,14431,14474,14748,14845,14962,15069,15112,15208,15311,15331,15363,15384,15704,15737,15850,16057,16344,16462,16502,16516,16568,16584,16637,16650,16787,16889,16892,16955,17254,17292,17297,17331,17464,17565,17845,17863,17878,17882,17920,18037
200,223,225,242,318,349,393,456,562,655,707,887,911,977,981,1008,1102,1432,1563,1597,1613,1732,1852,2112,2170,2193,2208,2233,2305,2309,2334,2549,2589,2664,2722,2782,2823,2851,2868,3086,3167,3259,3291,3504,3709,3931,3957,4034,4110,4515,4619,4716,4827,4901,4997,5008,5015,5194,5600,5760,5827,5876,5945,6131,6151,6210,6240,6253,6313,6613,6687,7129,7198,7315,7343,7478,7631,7749,7791,7797,7819,8093,8545,8901,8928,8965,9317,9374,9390,9424,9464,9519,9527,9571,9650,9759,9811,9812,9855,9864,9871,9908,9939,9983,10017,10203,10272,10294,10338,10368,10381,10420,10497,10510,10606,10642,10735,10771,10911,10944,11013,11022,11095,11463,11470,11481,11528,11576,11650,11705,11790,11823,11851,11899,11939,12144,12175,12342,12621,12655,12694,12777,12965,13128,13179,13241,13352,13510,13574,13650,13921,13970,14126,14133,14184,14253,14687,14839,14874,15145,15206,15240,15310,15322,15325,15407,15437,15486,15544,15557,15568,15611,15648,15745,16016,16217,16230,16336,16406,16453,16541,16561,16605,16738,16777,16782,16944,16985,17416,17434,17493,17589,17884,17908,18054,18081,18132
120,141,147,256,352,373,478,518,671,757,762,847,880,898,929,959,982,1036,1052,1070,1213,1281,1383,1456,1542,1629,1646,1692,1727,1760,1924,1929,1938,1967,1968,2014,2075,2159,2227,2286,2296,2333,2352,2422,2455,2517,2529,2545,2577,2586,2658,2713,2726,2824,2830,2850,2854,2884,2889,2940,3016,3022,3079,3127,3175,3207,3297,3302,3386,3456,3554,3613,3752,3842,3900,3984,3995,4079,4115,4244,4334,4352,4452,4459,4480,4508,4510,4590,4635,4639,4645,4684,4771,4774,4793,4801,4839,4840,4919,4974,5080,5087,5092,5113,5165,5191,5247,5293,5367,5426,5452,5478,5482,5485,5528,5542,5585,5668,5677,5684,5688,5692,5704,5873,5975,6125,6195,6289,6339,6392,6427,6466,6657,6875,6950,6990,7039,7054,7063,7067,7305,7326,7365,7468,7519,7520,7543,7583,7623,7692,7743,7747,7772,7847,7862,7932,7996,8007,8009,8072,8142,8172,8244,8304,8602,8812,8869,9123,9143,9147,9237,9257,9341,9352,9385,9469,9542,9584,9607,9666,9702,9719,9756,9782,9861,9884,9895,9900,9955,10060,10065,10075,10252,10321,10334,10467,10479,10534,10717,10718,10828,10867,10965,10968,10986,11001,11055,11085,11111,11118,11184,11335,11336,11423,11444,11653,11741,11898,11909,11934,11977,12035,12265,12276,12385,12561,12594,12661,12666,12690,12747,12810,12815,12829,12840,12929,12940,12956,12958,12961,12997,13068,13156,13225,13280,13299,13301,13303,13307,13395,13415,13419,13486,13532,13678,13785,13787,13814,13839,13884,13904,13940,13971,14028,14061,14142,14257,14272,14473,14556,14604,14752,14775,14792,14896,14902,14979,14987,15071,15078,15125,15135,15173,15287,15487,15587,15703,15903,15921,15987,16059,16106,16127,16157,16237,16293,16337,16371,16382,16383,16416,16548,16596,16623,16693,16783,16829,16940,16974,17000,17159,17174,17224,17235,17239,17282,17468,17469,17522,17541,17598,17690,17703,17711,17757,17779,17799,17811,17839,17900,18053,18119,18136,18153
45,98,307,1232,1857,1951,2047,2246,2427,2465,2470,2523,2578,2659,2825,3032,3173,3393,3410,3810,3902,3925,4035,4282,4299,4453,4589,4626,5017,5726,5930,6120,6458,6769,7506,7840,7928,7965,8486,8559,8668,8999,9194,9276,9563,9721,10074,10176,10222,10336,10605,11016,11077,11311,11409,11547,11557,11712,11786,11950,12324,12353,12400,12599,12710,12908,13265,13798,14240,14337,14427,14433,14501,14584,14878,14884,14908,14943,15024,15035,15223,15265,15432,15500,15609,15692,15725,15762,15955,16201,16508,16709,16819,16824,16862,17233,17535,17624,18006,18027
32,50,67,97,127,143,278,325,421,447,504,531,629,988,1035,1085,1129,1183,1208,1238,1289,1379,1382,1407,1552,1574,1622,1655,1717,1738,1741,1753,1782,1818,1906,1907,1955,2068,2217,2382,2444,2483,2631,2712,2752,2769,2793,2835,2869,3029,3203,3317,3371,3496,3594,3611,3649,3698,3837,3914,3996,4006,4064,4135,4176,4196,4376,4486,4709,4794,4847,4991,4994,5025,5137,5228,5338,5370,5371,5387,5530,5571,5636,5808,5811,5829,5882,6048,6052,6178,6288,6312,6383,6464,6470,6553,6589,6731,6782,6794,6828,6855,6877,6972,7053,7160,7166,7235,7353,7355,7401,7625,7667,7686,7774,7780,7806,8017,8192,8243,8257,8436,8513,8567,8645,8659,8698,8772,8778,8871,8915,8958,9007,9024,9052,9089,9200,9230,9387,9401,9576,9578,9780,9835,9860,9886,9887,9947,9954,9985,10031,10068,10110,10151,10259,10293,10352,10466,10525,10542,10639,10679,10769,10864,10882,10912,10915,10948,10959,10974,10975,11108,11155,11163,11174,11175,11254,11270,11457,11484,11546,11585,11652,11798,11884,11951,12092,12129,12135,12218,12243,12608,12709,12818,12964,12975,13226,13295,13336,13364,13508,13544,13608,13626,13663,13826,13974,14003,14109,14117,14160,14189,14341,14353,14370,14732,14879,14947,14970,15041,15062,15120,15127,15242,15602,15782,15819,16055,16060,16156,16161,16195,16214,16259,16265,16368,16478,16482,16557,16673,16756,16905,16928,17028,17109,17139,17177,17406,17409,17556,17577,17588,17740,17743,17792,17966,18090,18142
66,75,176,188,196,284,317,359,399,427,455,553,653,661,711,792,890,916,954,964,1006,1045,1062,1255,1267,1291,1389,1458,1522,1541,1545,1632,1663,1801,1806,1819,1856,1985,2106,2117,2260,2282,2374,2452,2482,2513,2606,2641,2683,2788,2794,2891,2920,2921,2987,3046,3072,3083,3137,3159,3294,3357,3379,3423,3483,3495,3517,3608,3658,3695,3750,3813,3822,3894,3971,4004,4090,4137,4179,4180,4187,4228,4257,4272,4396,4401,4470,4776,4861,4872,4949,4980,4981,5144,5181,5334,5577,5615,5675,5698,5861,5904,5916,5983,6030,6148,6192,6205,6246,6330,6334,6436,6541,6602,6607,6643,6672,6674,6721,6796,6841,6964,6989,7266,7333,7340,7344,7356,7561,7590,7642,7648,7661,7709,7759,7773,7866,7876,7910,7983,7985,8002,8365,8428,8560,8662,8673,8687,8730,8739,8818,8847,9113,9235,9322,9323,9423,9511,9513,9693,9827,9868,9905,9936,10015,10076,10095,10106,10316,10383,10401,10499,10511,10562,10583,10585,10750,10792,10824,10836,10843,10869,10916,10937,10945,11205,11407,11487,11544,11582,11732,11735,11740,11773,11878,12007,12021,12049,12076,12151,12171,12277,12282,12333,12345,12373,12417,12473,12577,12650,12700,12733,12807,12973,12989,13000,13082,13091,13110,13207,13256,13258,13262,13266,13360,13464,13534,13554,13740,13772,13895,13931,14049,14108,14143,14207,14349,14483,14517,14647,14649,14677,14679,14694,14709,14877,14901,14945,14985,14990,15047,15050,15075,15076,15175,15318,15499,15504,15521,15583,15688,15729,15779,15822,15874,16095,16115,16133,16147,16174,16205,16268,16338,16361,16362,16373,16421,16463,16485,16538,16555,16644,16876,17047,17129,17270,17393,17467,17472,17544,17551,17595,17649,17693,17833,17848,18135
252,462,688,694,817,972,986,1099,1131,1156,1225,1539,1591,2183,2567,2780,2958,2996,3226,3451,3462,3466,3484,3513,3729,3763,3879,4082,4293,4491,4733,4886,4939,4964,4969,5043,5250,5273,5294,5337,5403,5503,5537,5761,5772,5774,6215,6305,6384,6412,6785,6820,6833,6921,7096,7158,7639,7825,8021,8050,8306,8737,8794,8856,8898,9145,9155,9178,9225,9366,9649,9730,9805,9825,10082,10343,10372,10451,10558,10732,10784,11232,11765,11843,11995,12167,12201,12364,12448,12496,12539,12681,12696,13001,13126,13189,13208,13246,13310,13430,13560,13800,14220,14309,14321,14327,14711,14720,14810,15100,15121,15405,15484,15675,15826,15893,15935,16256,16279,16340,16447,16520,16700,16813,16962,17020,17162,17178,17311,17316,17490,17558,17564,17620,17805,17857,17985,18008
27,77,118,125,177,185,209,236,276,345,350,457,484,501,583,620,644,687,775,804,831,854,886,924,955,1048,1237,1282,1317,1360,1435,1439,1440,1459,1480,1525,1555,1581,1582,1604,1615,1731,1784,1815,1823,1830,1868,1966,2038,2078,2100,2118,2134,2203,2252,2329,2337,2380,2441,2457,2473,2544,2615,2647,2685,2707,2765,2783,2840,2858,2909,2927,2934,2937,2964,2994,3051,3052,3210,3247,3271,3280,3346,3369,3403,3480,3492,3579,3606,3616,3622,3635,3662,3703,3716,3831,3846,3939,4037,4067,4138,4163,4169,4194,4283,4350,4351,4358,4363,4367,4383,4399,4547,4659,4697,4817,4842,4898,4912,5045,5125,5153,5172,5242,5369,5463,5473,5539,5559,5619,5691,5729,5746,5795,5812,5854,5925,5982,6035,6053,6059,6072,6142,6170,6171,6191,6201,6245,6249,6260,6281,6307,6393,6397,6485,6509,6532,6696,6724,6790,6807,6824,6826,6842,6844,6905,6930,6963,6966,6994,7001,7089,7105,7218,7221,7259,7260,7264,7268,7371,7450,7508,7539,7601,7636,7653,7656,7678,7770,7778,7832,7882,7927,7970,8044,8054,8116,8133,8146,8155,8295,8307,8318,8374,8398,8482,8491,8546,8674,8684,8734,8735,8755,8762,8768,8876,8892,9022,9117,9120,9137,9363,9402,9596,9597,9637,9692,9818,9837,10021,10071,10198,10251,10269,10288,10291,10348,10389,10396,10437,10518,10556,10560,10581,10586,10734,10788,10811,10822,10823,10832,10893,10978,11015,11116,11261,11318,11327,11383,11436,11437,11442,11474,11521,11549,11619,11697,11776,11788,11794,11799,11849,11874,11895,11905,11925,11935,11999,12004,12015,12023,12068,12115,12119,12326,12359,12402,12479,12499,12521,12546,12646,12665,12740,12758,12779,12798,12804,12827,12884,12943,12949,13058,13159,13198,13306,13347,13509,13555,13595,13642,13672,13683,13830,13838,13865,13892,13927,14010,14021,14031,14044,14064,14072,14088,14098,14130,14144,14145,14222,14315,14325,14443,14500,14530,14536,14538,14567,14652,14705,14772,14776,14789,14897,14929,14956,14973,14992,14995,15005,15056,15064,15084,15123,15143,15144,15199,15204,15285,15320,15349,15359,15378,15548,15684,15728,15814,15873,16011,16012,16022,16049,16066,16076,16079,16080,16084,16146,16193,16200,16280,16287,16306,16333,16374,16391,16393,16394,16431,16617,16646,16668,16670,16734,16781,16840,16877,16898,16930,16957,17008,17018,17053,17060,17095,17195,17200,17221,17227,17240,17375,17394,17451,17453,17533,17583,17641,17694,17727,17736,17741,17748,17778,17830,17852,17868,17911,17934,17950,18152
