24,111,195,218,265,278,339,394,463,512,515,711,748,912,1036,1205,1244,1306,1482,1662,1763,1783,1854,1954,2052,2098,2103,2158,2164,2236,2360,2546,2587,2608,2677,2680,2997,3014,3166,3210,3284,3303,3310,3346,3428,3476,3617,4121,4202,4511,4527,4530,4547,4583,4619,4736,4869,4904,4914,4999,5056,5107,5127,5347,5387,5462,5463,5486,5563,5607,5642,5735,5744,5915,5970,6015
5,9,43,65,90,94,97,99,105,109,110,117,118,121,123,138,142,181,186,189,227,248,256,271,276,284,292,293,306,310,324,338,342,348,358,370,400,401,409,413,421,425,434,441,444,460,470,487,491,495,517,524,550,554,561,578,591,614,623,631,639,643,645,646,650,658,665,671,687,688,689,694,696,700,704,715,733,737,745,751,777,778,780,787,790,791,808,830,834,836,838,840,859,861,887,890,897,905,906,908,910,913,924,935,940,976,990,1009,1010,1014,1027,1034,1059,1071,1073,1074,1077,1086,1088,1099,1100,1114,1131,1132,1134,1149,1150,1161,1168,1173,1181,1183,1211,1214,1216,1223,1227,1235,1276,1283,1288,1290,1295,1311,1316,1318,1335,1337,1340,1356,1365,1367,1369,1371,1373,1377,1384,1393,1396,1399,1403,1410,1421,1422,1424,1469,1491,1505,1506,1513,1514,1515,1521,1531,1532,1534,1542,1545,1550,1552,1559,1564,1570,1573,1580,1594,1597,1599,1613,1618,1628,1632,1637,1638,1642,1643,1648,1651,1652,1659,1668,1680,1687,1691,1692,1693,1698,1722,1727,1734,1735,1742,1750,1764,1775,1777,1784,1793,1803,1818,1821,1822,1831,1840,1847,1862,1867,1868,1879,1890,1891,1899,1911,1912,1914,1921,1928,1931,1947,1953,1955,1959,1961,1969,1977,1988,1995,1996,1999,2018,2020,2022,2025,2032,2033,2036,2037,2042,2043,2044,2046,2055,2060,2062,2078,2090,2096,2100,2102,2108,2126,2135,2140,2143,2145,2147,2153,2156,2157,2171,2200,2209,2210,2228,2232,2237,2262,2264,2265,2268,2273,2278,2315,2342,2350,2357,2361,2377,2387,2393,2395,2404,2413,2417,2429,2440,2441,2446,2449,2456,2459,2485,2488,2494,2495,2499,2501,2510,2520,2524,2526,2532,2533,2535,2564,2594,2596,2614,2615,2619,2638,2641,2654,2657,2669,2672,2674,2690,2691,2697,2700,2703,2709,2712,2716,2720,2722,2725,2728,2730,2747,2754,2763,2779,2790,2802,2808,2825,2839,2846,2850,2855,2870,2904,2905,2911,2919,2936,2940,2945,2949,2952,2955,2970,2971,2972,2974,2981,2987,2988,2996,2998,3002,3013,3018,3021,3051,3053,3064,3084,3085,3097,3101,3104,3110,3120,3127,3148,3158,3170,3173,3177,3178,3183,3198,3202,3214,3222,3224,3235,3236,3240,3256,3258,3265,3268,3280,3283,3314,3322,3323,3333,3336,3359,3361,3364,3370,3375,3387,3392,3401,3416,3422,3440,3442,3444,3459,3466,3471,3483,3489,3505,3506,3509,3528,3543,3546,3556,3576,3593,3597,3604,3612,3638,3639,3667,3668,3670,3673,3702,3707,3710,3711,3720,3722,3723,3724,3750,3752,3768,3782,3783,3793,3795,3798,3804,3816,3829,3833,3840,3853,3869,3870,3873,3878,3879,3883,3898,3904,3908,3912,3915,3926,3928,3930,3931,3944,3958,3968,3978,4002,4006,4008,4012,4024,4031,4059,4061,4062,4075,4089,4094,4104,4111,4126,4136,4146,4149,4153,4157,4159,4181,4188,4190,4193,4204,4226,4228,4233,4244,4265,4266,4270,4274,4278,4285,4290,4295,4298,4306,4309,4325,4327,4352,4360,4361,4370,4371,4372,4374,4386,4396,4404,4419,4423,4424,4428,4457,4459,4461,4466,4481,4492,4493,4501,4512,4518,4528,4529,4534,4542,4548,4550,4551,4566,4567,4568,4576,4579,4589,4593,4594,4605,4609,4631,4634,4636,4650,4662,4679,4688,4701,4711,4713,4717,4721,4726,4731,4747,4771,4784,4788,4789,4794,4806,4807,4810,4816,4817,4818,4823,4825,4831,4844,4848,4852,4853,4855,4872,4877,4880,4886,4887,4892,4896,4899,4902,4925,4927,4934,4936,4939,4940,4949,4958,4964,4965,4976,4990,4992,5001,5005,5007,5017,5026,5027,5034,5044,5051,5054,5058,5086,5094,5110,5117,5122,5126,5132,5134,5140,5153,5155,5156,5158,5164,5171,5173,5218,5223,5225,5272,5274,5276,5298,5307,5308,5313,5322,5325,5327,5328,5330,5352,5358,5361,5368,5380,5394,5397,5400,5403,5421,5431,5437,5464,5488,5490,5493,5495,5505,5506,5513,5515,5538,5546,5557,5562,5567,5573,5575,5576,5577,5579,5582,5590,5591,5593,5601,5622,5625,5627,5629,5637,5650,5667,5668,5674,5693,5699,5703,5708,5714,5720,5733,5736,5743,5748,5765,5771,5776,5779,5790,5795,5797,5812,5819,5843,5844,5845,5859,5861,5864,5876,5883,5886,5890,5899,5901,5907,5911,5913,5914,5920,5930,5932,5943,5947,5955,5960,5967,5984,5990,6001,6013,6027,6053,6072,6077,6079,6085,6086,6090,6091,6094,6096,6099,6100,6111,6116,6122,6139,6156,6157,6162,6168,6191,6196,6201,6203,6216,6219,6220,6231,6235,6237,6238,6243,6258,6261,6264,6266,6267,6269
39,102,143,182,297,516,702,758,863,915,960,964,1013,1346,1436,1449,1466,1479,1543,1705,1751,2017,2124,2355,2585,2769,2900,3111,3278,3339,3357,3399,3487,3530,3545,3623,3893,3975,4039,4116,4250,4449,4562,4623,4809,4878,5008,5076,5098,5099,5188,5217,5227,5255,5259,5312,5329,5412,5420,5447,5492,5540,5619,5715,5871,5902,6075,6241,6260
14,49,54,63,86,100,104,119,134,139,141,171,192,205,215,239,243,261,287,301,314,329,351,360,361,362,382,442,445,490,501,519,523,556,557,559,571,573,580,585,586,609,617,619,642,663,722,728,743,752,765,797,814,818,827,829,843,852,860,867,881,902,904,921,987,1000,1001,1002,1031,1032,1045,1068,1079,1107,1113,1141,1167,1174,1199,1204,1220,1239,1255,1264,1279,1284,1291,1293,1296,1355,1380,1383,1392,1402,1427,1439,1441,1481,1523,1554,1555,1563,1571,1592,1608,1622,1623,1647,1654,1689,1702,1703,1743,1748,1837,1845,1885,1942,1980,1990,2010,2013,2054,2069,2070,2076,2092,2105,2109,2114,2116,2118,2128,2146,2149,2168,2205,2250,2284,2285,2287,2328,2331,2341,2372,2384,2386,2400,2472,2493,2506,2508,2560,2566,2584,2588,2589,2591,2592,2603,2607,2612,2625,2633,2662,2664,2729,2750,2757,2781,2793,2795,2807,2831,2854,2856,2864,2887,2894,2931,2941,2958,2965,2991,3012,3032,3041,3071,3072,3074,3099,3105,3115,3117,3118,3147,3185,3193,3207,3219,3226,3272,3279,3330,3334,3335,3398,3406,3415,3417,3423,3424,3427,3434,3448,3463,3468,3469,3520,3551,3559,3590,3640,3655,3687,3708,3719,3743,3786,3808,3838,3859,3862,3874,3881,3895,3909,3921,3936,3941,3950,3981,3991,4004,4015,4034,4043,4084,4085,4117,4119,4145,4160,4173,4236,4254,4255,4262,4329,4332,4339,4353,4356,4381,4383,4399,4401,4403,4437,4443,4444,4476,4479,4486,4502,4508,4540,4582,4596,4603,4626,4648,4685,4700,4705,4714,4746,4753,4799,4804,4808,4821,4838,4851,4854,4856,4864,4870,4873,4889,4906,4919,4930,4946,4967,4983,4997,5030,5040,5068,5074,5077,5081,5103,5119,5123,5143,5146,5148,5162,5184,5186,5189,5191,5193,5196,5205,5212,5234,5261,5268,5289,5295,5304,5310,5343,5376,5379,5398,5425,5449,5451,5459,5491,5510,5516,5523,5547,5561,5586,5606,5608,5626,5640,5647,5649,5665,5679,5681,5689,5706,5782,5791,5793,5803,5831,5846,5858,5898,5909,5918,5923,5929,5981,5985,5988,6107,6108,6114,6118,6125,6126,6131,6153,6158,6217,6224,6232,6245
47,146,216,336,378,390,657,802,815,819,869,992,1047,1242,1287,1314,1475,1614,1639,2034,2442,2452,2551,2630,2766,2791,2868,2906,3243,3338,3436,3462,3508,3637,3648,3897,3918,3929,4007,4187,4207,4400,4463,4571,4858,4881,5021,5041,5187,5206,5243,5282,5317,5341,5633,5691,5847,5888,5952,5977,6005,6076,6106,6154,6208
1,34,51,58,72,96,113,140,165,176,184,201,212,213,234,240,288,304,315,317,319,350,385,407,429,432,449,457,464,468,469,475,477,488,521,527,529,539,542,566,574,587,590,598,610,622,638,670,680,708,721,755,760,761,768,781,792,805,825,846,848,850,855,870,896,900,903,932,939,942,957,977,978,999,1022,1023,1037,1050,1069,1075,1082,1084,1092,1106,1108,1109,1126,1144,1151,1154,1171,1179,1180,1196,1219,1230,1231,1236,1268,1278,1289,1317,1333,1342,1348,1350,1366,1411,1446,1455,1464,1507,1508,1519,1522,1627,1641,1646,1678,1690,1719,1720,1724,1736,1737,1752,1799,1801,1810,1851,1861,1869,1884,1945,1967,1968,1971,1975,1986,2012,2028,2073,2082,2086,2127,2137,2152,2190,2206,2208,2216,2279,2298,2317,2337,2339,2352,2376,2410,2422,2437,2443,2478,2497,2517,2521,2553,2570,2590,2629,2646,2688,2696,2718,2723,2745,2774,2792,2801,2813,2824,2867,2908,2916,2921,2951,2954,2968,2976,2983,2994,3016,3035,3046,3047,3063,3068,3079,3089,3100,3130,3151,3157,3180,3215,3228,3253,3263,3294,3331,3363,3396,3402,3404,3451,3452,3473,3497,3507,3531,3561,3572,3581,3649,3675,3703,3717,3728,3769,3855,3910,3971,4058,4064,4079,4097,4100,4137,4144,4151,4165,4194,4206,4225,4241,4251,4263,4304,4307,4317,4319,4331,4334,4387,4394,4415,4431,4432,4500,4513,4521,4565,4573,4577,4610,4630,4640,4641,4657,4658,4668,4675,4682,4691,4720,4728,4730,4782,4790,4793,4801,4861,4884,4921,4923,4935,4937,4944,4948,4970,4980,4987,4989,4991,5025,5052,5073,5104,5112,5131,5165,5168,5178,5185,5228,5233,5267,5271,5334,5390,5391,5399,5422,5443,5445,5476,5501,5528,5533,5536,5539,5549,5565,5584,5634,5664,5673,5692,5723,5728,5742,5749,5750,5772,5781,5783,5784,5820,5828,5836,5863,5887,5925,5934,5951,5969,6008,6026,6029,6051,6089,6102,6109,6123,6150,6155,6177,6200,6214,6221,6225,6259
0,10,16,32,130,155,162,178,204,207,255,289,298,300,305,318,328,357,372,383,416,419,422,465,473,486,498,511,533,595,624,656,659,677,682,683,695,710,730,731,772,801,803,813,824,844,847,901,911,931,941,959,1006,1042,1064,1067,1078,1081,1094,1118,1119,1148,1155,1163,1177,1198,1201,1213,1221,1232,1233,1250,1308,1315,1323,1334,1359,1376,1390,1398,1413,1418,1440,1443,1445,1478,1528,1572,1593,1664,1721,1730,1733,1769,1773,1819,1901,1916,1925,1933,1962,1973,1982,1989,2021,2024,2061,2075,2134,2138,2139,2175,2239,2246,2255,2256,2257,2271,2288,2289,2291,2297,2309,2311,2318,2332,2367,2411,2418,2421,2423,2431,2435,2436,2444,2457,2461,2475,2513,2516,2527,2565,2595,2626,2642,2647,2652,2656,2699,2736,2742,2755,2835,2881,2892,2893,2903,2927,2937,2963,2979,3023,3065,3081,3090,3107,3116,3129,3139,3143,3175,3188,3190,3197,3218,3257,3269,3291,3299,3304,3360,3369,3395,3425,3429,3449,3493,3499,3510,3519,3535,3566,3569,3573,3594,3606,3618,3650,3654,3666,3685,3709,3716,3737,3738,3759,3778,3788,3820,3842,3847,3854,3860,3899,3911,3949,3966,3988,3993,3996,3999,4047,4091,4107,4124,4132,4162,4171,4210,4218,4221,4279,4287,4310,4330,4362,4384,4420,4422,4435,4450,4460,4468,4478,4483,4485,4504,4515,4535,4558,4599,4674,4683,4684,4687,4693,4733,4741,4748,4749,4767,4768,4786,4792,4819,4820,4827,4905,4908,4909,4917,4943,4957,4968,4995,5018,5053,5061,5064,5070,5078,5120,5128,5150,5170,5198,5204,5213,5215,5245,5250,5251,5273,5287,5293,5314,5359,5362,5385,5393,5414,5415,5416,5430,5434,5465,5471,5544,5560,5564,5583,5632,5646,5651,5661,5683,5695,5717,5754,5756,5758,5767,5769,5774,5807,5818,5837,5853,5873,5874,5877,5903,5919,5927,5937,5944,5957,5971,5998,6000,6010,6014,6016,6022,6030,6037,6040,6082,6092,6098,6133,6144,6147,6148,6166,6175,6222
22,25,50,71,84,124,136,158,161,164,174,208,249,355,363,376,396,446,448,540,569,584,668,672,786,793,796,866,872,993,1015,1044,1122,1138,1254,1274,1303,1391,1394,1400,1435,1473,1499,1511,1587,1656,1711,1714,1747,1828,1843,1894,1958,2056,2063,2089,2111,2170,2173,2220,2301,2325,2338,2379,2405,2419,2500,2530,2538,2573,2623,2732,2748,2915,2928,2992,3003,3008,3067,3201,3329,3439,3495,3504,3533,3591,3754,3774,3805,3827,3877,3927,3953,3964,4019,4020,4045,4082,4093,4095,4103,4109,4169,4186,4268,4273,4318,4354,4377,4409,4498,4581,4622,4680,4712,4765,4840,4885,4900,4912,4928,5000,5009,5069,5097,5232,5288,5356,5413,5438,5439,5448,5585,5620,5687,5701,5719,5738,5926,5992,6018,6078,6087,6104,6172,6218,6253,6254,6274
37,68,135,211,257,374,480,706,738,769,853,854,883,895,988,1121,1225,1226,1351,1520,1630,1673,1709,1820,1844,1850,1855,1858,1923,1941,2006,2045,2141,2183,2187,2191,2226,2283,2375,2426,2659,2901,2914,3102,3108,3132,3221,3230,3233,3234,3251,3345,3410,3438,3454,3518,3657,3664,3672,3698,3746,3781,3784,3801,3946,4023,4073,4129,4154,4182,4209,4234,4245,4257,4412,4416,4436,4487,4488,4510,4526,4592,4602,4665,4690,4757,4795,4811,4836,4842,4871,4932,4962,5011,5038,5100,5137,5222,5226,5265,5345,5348,5444,5580,5641,5712,5745,5834,5931,5958,5975,5987,6021,6066,6143,6194,6270
6,82,114,126,133,150,157,160,177,220,253,254,313,321,327,387,412,428,481,485,507,513,534,538,604,627,651,654,697,699,723,750,754,756,799,817,822,858,893,949,972,975,981,994,998,1003,1019,1028,1056,1085,1091,1159,1160,1249,1257,1265,1313,1433,1486,1516,1538,1549,1589,1590,1610,1753,1817,1832,1841,1857,1883,1917,1918,1991,2005,2038,2050,2064,2065,2136,2163,2167,2219,2238,2252,2259,2282,2303,2313,2329,2388,2389,2390,2392,2407,2425,2438,2445,2448,2471,2473,2474,2529,2598,2628,2649,2663,2665,2765,2803,2811,2826,2857,2885,2888,2910,2922,2960,3045,3113,3163,3195,3212,3225,3241,3255,3287,3290,3295,3377,3389,3400,3409,3413,3435,3450,3481,3498,3521,3527,3580,3631,3647,3705,3740,3819,3825,3834,3851,3868,3882,3894,3935,3952,3957,3979,4003,4038,4042,4057,4072,4087,4168,4170,4215,4216,4230,4247,4315,4340,4368,4397,4433,4439,4441,4454,4469,4484,4496,4503,4516,4580,4624,4638,4692,4715,4755,4758,4764,4893,4898,4951,4960,4969,4972,4994,5003,5023,5045,5048,5124,5195,5248,5275,5291,5300,5311,5339,5411,5485,5555,5603,5610,5611,5663,5669,5739,5764,5894,5938,5950,5954,5964,5973,5989,6088,6273
15,17,29,41,77,95,103,115,122,179,183,190,223,224,274,277,326,344,369,392,411,426,447,489,494,500,506,536,552,558,600,628,653,724,828,864,925,945,954,961,985,1017,1040,1117,1129,1135,1164,1193,1208,1215,1252,1272,1347,1370,1374,1375,1404,1419,1456,1463,1525,1536,1562,1584,1586,1588,1601,1624,1633,1634,1649,1665,1685,1715,1746,1755,1791,1796,1835,1888,1950,1963,1970,2003,2081,2095,2106,2142,2174,2196,2224,2275,2290,2295,2305,2320,2334,2346,2356,2369,2378,2416,2439,2462,2480,2511,2512,2525,2542,2552,2558,2559,2567,2574,2581,2620,2681,2692,2721,2761,2771,2777,2806,2810,2818,2819,2829,2830,2869,2886,2896,2902,2956,2990,3004,3028,3048,3054,3078,3123,3133,3135,3149,3168,3174,3184,3231,3267,3275,3286,3312,3324,3352,3371,3403,3405,3414,3460,3465,3488,3555,3583,3588,3596,3599,3636,3671,3700,3706,3718,3726,3748,3790,3799,3872,3876,3886,3889,3917,3919,3945,3954,3963,3965,3974,3984,3997,4000,4013,4025,4051,4052,4078,4092,4147,4166,4172,4175,4200,4232,4238,4312,4344,4358,4406,4407,4421,4451,4467,4475,4520,4524,4544,4570,4584,4625,4651,4704,4707,4772,4778,4779,4781,4798,4824,4837,4866,4938,4947,5002,5013,5022,5093,5177,5201,5202,5240,5241,5260,5292,5350,5371,5406,5435,5441,5455,5468,5504,5508,5511,5559,5566,5600,5614,5615,5638,5648,5653,5656,5697,5711,5726,5731,5741,5757,5760,5763,5796,5799,5815,5839,5921,5924,5945,6011,6020,6054,6067,6095,6121,6149,6152,6163,6199,6204,6205,6209,6242
69,185,191,320,347,359,547,570,798,837,1248,1282,1294,1361,1617,1620,1699,1741,1760,1839,1927,2019,2066,2088,2188,2201,2345,2402,2528,2536,2668,2717,2749,2840,2852,2895,2898,2953,3136,3307,3349,3565,3578,3626,3713,3732,4054,4083,4098,4106,4161,4382,4389,4613,4751,4815,4876,4901,4979,5028,5035,5109,5142,5257,5404,5541,5587,5598,5635,5922,6039,6230
18,42,266,424,427,666,880,934,946,974,1130,1247,1389,1407,1459,1749,1824,2051,2154,2185,2221,2319,2321,2323,2531,2621,2650,2753,2805,2946,2959,3009,3022,3114,3259,3302,3517,3570,3574,3586,3611,3779,3888,3942,3989,4068,4069,4088,4120,4177,4272,4284,4333,4350,4373,4375,4438,4473,4480,4689,4695,4706,4841,4845,4916,4963,5087,5244,5299,5335,5454,5518,5643,5655,5773,5814,5821,5854,5885,5942,5993,6007,6127,6142,6165,6176
85,128,194,238,245,280,294,431,493,514,522,597,630,673,842,892,944,982,983,1011,1048,1104,1105,1110,1187,1253,1267,1273,1319,1341,1363,1382,1417,1454,1461,1474,1546,1607,1636,1669,1684,1694,1754,1767,1872,1874,1875,1949,1956,2040,2193,2243,2280,2294,2314,2555,2563,2569,2660,2661,2812,2882,2978,2984,3011,3037,3066,3145,3153,3223,3301,3365,3380,3420,3554,3568,3610,3641,3660,3802,3884,4016,4053,4112,4131,4269,4289,4296,4300,4348,4452,4482,4654,4735,4745,5067,5071,5075,5088,5136,5252,5381,5396,5408,5433,5461,5483,5500,5503,5569,5684,5722,5848,5936,5939,6034,6057,6071,6084,6212,6247
225,564,589,620,655,749,878,899,1178,1202,1237,1381,1477,1708,1739,1814,1859,1935,2129,2177,2292,2322,2358,2483,2548,2599,2724,2752,2934,2942,2964,2975,3017,3155,3203,3217,3298,3394,3553,3600,3621,3642,3745,3823,3839,4081,4096,4122,4256,4405,4744,4802,4953,4985,4988,5080,5114,5200,5344,5542,5558,5589,5621,5694,5850,5892,6141,6202,6239,6272
2,27,129,147,166,180,188,210,221,242,244,309,312,316,323,332,366,375,398,459,545,555,563,568,612,648,691,784,851,856,920,950,951,966,1005,1007,1065,1097,1101,1120,1123,1143,1184,1251,1261,1300,1321,1378,1442,1451,1494,1512,1544,1551,1581,1621,1631,1667,1671,1701,1710,1723,1725,1756,1770,1779,1807,1813,1852,1878,1881,1915,1920,1998,2014,2027,2039,2053,2093,2110,2113,2122,2233,2235,2263,2274,2293,2307,2348,2484,2491,2543,2577,2645,2776,2815,2816,2827,2845,2935,2947,2961,2999,3010,3015,3059,3103,3164,3165,3171,3191,3245,3264,3271,3300,3316,3317,3320,3332,3337,3385,3408,3426,3443,3456,3484,3485,3514,3544,3608,3742,3755,3757,3765,3789,3856,3900,3923,3943,3947,3980,4018,4022,4040,4070,4115,4178,4191,4196,4264,4337,4349,4363,4445,4474,4523,4525,4537,4543,4637,4653,4659,4672,4708,4709,4716,4725,4737,4752,4754,4926,4929,4961,4971,5043,5133,5139,5163,5166,5175,5194,5209,5216,5238,5297,5338,5351,5363,5386,5427,5440,5452,5456,5479,5481,5487,5623,5652,5688,5730,5775,5802,5810,5827,5862,5865,5869,5872,5882,6012,6047,6060,6065,6097,6105,6136,6159,6167,6170,6179,6193,6213,6223,6240,6252
48,137,172,203,226,273,295,331,352,367,430,433,462,474,502,509,560,583,605,629,664,676,720,736,759,766,789,806,809,811,832,943,947,967,980,1066,1070,1156,1172,1195,1200,1209,1304,1336,1352,1412,1426,1450,1480,1517,1547,1704,1707,1716,1808,1812,1866,1877,1893,1904,1924,1932,1972,2016,2091,2212,2222,2245,2347,2371,2394,2428,2465,2467,2509,2514,2537,2547,2609,2613,2655,2678,2698,2715,2744,2799,2832,2833,2834,2897,2933,2962,3049,3062,3075,3106,3160,3192,3216,3289,3297,3326,3341,3342,3368,3372,3418,3437,3447,3472,3522,3548,3558,3589,3652,3681,3697,3794,3835,3885,3906,4011,4049,4102,4163,4167,4242,4253,4308,4323,4357,4367,4392,4418,4446,4536,4545,4600,4627,4671,4677,4686,4696,4710,4719,4732,4734,4763,4805,4826,4832,4833,4907,4911,4924,4954,5006,5037,5089,5181,5183,5253,5254,5285,5303,5321,5326,5332,5366,5405,5458,5522,5524,5572,5604,5658,5675,5676,5718,5721,5737,5817,5835,5875,5891,5959,5966,5968,6006,6028,6041,6055,6124,6137,6195,6226,6229,6262
56,59,66,120,125,156,196,269,337,345,356,368,435,479,532,686,716,717,725,785,841,873,918,971,989,1060,1136,1186,1188,1190,1260,1462,1483,1561,1640,1700,1712,1713,1758,1849,1865,1876,1882,1889,1934,1981,2031,2035,2131,2165,2178,2181,2202,2363,2455,2466,2476,2477,2498,2503,2534,2597,2648,2653,2684,2714,2866,2899,2923,2932,2943,3026,3040,3043,3138,3150,3260,3384,3446,3512,3547,3564,3615,3622,3677,3712,3841,3849,3901,3902,3905,3938,3951,3992,3995,4027,4063,4150,4219,4227,4267,4514,4539,4585,4590,4646,4664,4776,4862,4863,4895,4955,4986,5116,5157,5210,5229,5230,5320,5472,5499,5514,5535,5570,5636,5654,5800,5830,5860,5867,5897,6115,6140,6160,6171,6251
36,45,60,79,101,153,209,241,251,263,322,346,438,461,471,508,541,577,601,608,616,714,753,764,871,888,894,907,937,952,958,963,973,1043,1087,1090,1102,1103,1153,1176,1185,1212,1234,1259,1262,1285,1329,1330,1349,1409,1420,1470,1501,1539,1595,1604,1609,1629,1674,1676,1686,1717,1768,1789,1816,1827,1897,1919,1951,1965,1985,1997,2029,2080,2104,2119,2123,2189,2253,2254,2302,2312,2383,2487,2561,2562,2658,2683,2727,2746,2775,2784,2817,2822,2872,2876,2877,2909,2986,2995,3007,3030,3060,3077,3086,3092,3146,3199,3239,3249,3250,3296,3308,3311,3313,3325,3355,3379,3523,3524,3557,3571,3579,3585,3592,3602,3609,3619,3630,3656,3665,3735,3741,3747,3756,3763,3764,3771,3785,3803,3806,3843,3967,3969,4029,4074,4090,4101,4118,4135,4158,4212,4214,4223,4243,4427,4429,4456,4458,4497,4569,4588,4620,4629,4633,4643,4647,4681,4722,4729,4766,4847,4867,4874,4891,4918,4922,4931,5010,5049,5057,5062,5101,5167,5172,5214,5224,5281,5301,5309,5318,5355,5367,5374,5383,5417,5474,5480,5496,5526,5571,5617,5662,5685,5724,5762,5792,5805,5866,5870,5900,5904,5986,6080,6211,6234,6250
3,7,8,11,13,19,20,26,33,35,38,40,46,52,53,55,62,64,67,70,74,75,76,78,80,87,88,89,91,92,93,98,106,112,127,131,132,144,145,148,149,151,152,154,163,168,169,170,175,187,193,197,199,200,202,214,217,219,222,228,229,231,235,236,246,247,250,259,260,264,267,268,270,272,275,281,283,286,291,296,299,302,307,308,330,333,340,341,343,349,353,354,364,365,371,377,379,381,384,386,389,393,395,397,402,404,405,410,414,417,418,420,423,436,437,439,440,443,450,453,454,455,456,458,467,472,476,482,492,496,497,499,503,504,505,518,520,526,528,530,531,535,537,544,546,548,549,551,572,575,576,579,582,588,592,593,594,599,602,607,611,613,615,625,626,632,633,634,635,636,640,644,647,649,662,667,669,681,685,690,692,693,698,701,703,705,707,709,713,719,726,734,735,739,741,742,744,746,747,757,763,767,770,773,782,783,794,800,812,816,820,821,831,833,835,839,845,849,857,862,865,868,876,877,879,882,886,889,914,919,922,928,929,930,953,956,962,965,968,970,979,984,986,991,996,1004,1008,1012,1018,1020,1024,1029,1033,1035,1039,1049,1051,1052,1053,1054,1058,1061,1062,1072,1080,1089,1093,1095,1111,1112,1115,1124,1125,1127,1128,1133,1139,1140,1142,1146,1147,1152,1158,1162,1165,1166,1169,1170,1182,1197,1203,1206,1207,1210,1217,1218,1222,1228,1240,1241,1243,1245,1256,1258,1263,1270,1275,1280,1281,1286,1292,1297,1298,1301,1310,1320,1322,1325,1327,1328,1331,1332,1338,1339,1343,1344,1345,1353,1354,1358,1360,1364,1368,1372,1379,1385,1387,1395,1397,1405,1406,1408,1414,1416,1423,1425,1429,1430,1431,1432,1434,1437,1438,1444,1447,1448,1452,1453,1457,1458,1465,1467,1471,1472,1488,1489,1490,1492,1493,1495,1500,1502,1503,1518,1524,1527,1530,1535,1541,1556,1557,1558,1560,1566,1567,1568,1569,1574,1575,1578,1582,1583,1585,1591,1596,1598,1600,1603,1605,1606,1611,1615,1616,1625,1626,1635,1644,1650,1653,1655,1660,1661,1663,1666,1670,1675,1677,1679,1681,1682,1683,1688,1706,1718,1726,1728,1729,1731,1738,1740,1744,1745,1761,1762,1772,1776,1778,1781,1782,1785,1787,1794,1795,1800,1802,1804,1805,1806,1811,1825,1829,1830,1833,1834,1836,1842,1846,1848,1853,1860,1863,1870,1871,1887,1896,1900,1903,1907,1909,1913,1922,1926,1929,1930,1936,1937,1938,1939,1940,1943,1946,1957,1960,1964,1966,1976,1978,1979,1984,1992,1993,1994,2000,2008,2009,2011,2015,2023,2030,2041,2047,2048,2058,2059,2067,2068,2071,2074,2077,2083,2084,2085,2087,2094,2097,2099,2101,2107,2115,2117,2121,2125,2130,2132,2144,2148,2150,2151,2155,2159,2160,2162,2166,2172,2179,2180,2182,2184,2186,2195,2199,2203,2204,2207,2211,2213,2215,2217,2227,2229,2230,2231,2234,2240,2241,2244,2248,2249,2251,2260,2261,2266,2267,2269,2270,2272,2276,2277,2281,2296,2299,2300,2308,2316,2326,2333,2335,2336,2340,2343,2349,2351,2353,2359,2364,2365,2366,2368,2370,2373,2374,2380,2381,2385,2391,2397,2398,2399,2401,2408,2409,2412,2420,2424,2427,2430,2432,2447,2450,2451,2453,2458,2460,2463,2468,2469,2479,2481,2486,2489,2490,2496,2504,2505,2507,2515,2518,2522,2523,2540,2541,2544,2545,2549,2550,2554,2557,2568,2571,2572,2575,2576,2578,2579,2580,2582,2583,2586,2601,2604,2605,2606,2610,2611,2616,2617,2618,2622,2632,2634,2635,2636,2639,2640,2643,2651,2666,2670,2671,2676,2682,2685,2687,2693,2694,2695,2702,2705,2706,2707,2708,2711,2713,2726,2734,2737,2739,2740,2741,2756,2759,2760,2762,2764,2767,2773,2778,2782,2783,2785,2787,2788,2789,2794,2796,2797,2800,2804,2809,2814,2837,2841,2842,2843,2844,2848,2849,2851,2859,2860,2861,2863,2873,2874,2879,2880,2883,2889,2890,2891,2907,2913,2917,2920,2925,2929,2939,2950,2957,2969,2973,2977,2980,2993,3000,3001,3005,3006,3024,3027,3029,3031,3033,3034,3036,3042,3044,3050,3052,3055,3056,3057,3058,3061,3069,3070,3082,3083,3088,3091,3093,3094,3096,3098,3109,3112,3119,3121,3122,3124,3126,3131,3134,3140,3144,3152,3154,3156,3162,3176,3181,3182,3186,3189,3196,3200,3204,3208,3209,3213,3232,3237,3244,3246,3252,3261,3266,3270,3273,3276,3277,3281,3282,3285,3288,3292,3305,3315,3318,3319,3327,3340,3343,3344,3348,3350,3354,3356,3358,3362,3373,3378,3381,3383,3388,3390,3391,3393,3397,3407,3411,3419,3421,3430,3431,3432,3441,3458,3461,3470,3474,3475,3477,3478,3479,3480,3490,3491,3492,3496,3500,3501,3513,3525,3526,3532,3534,3538,3540,3541,3549,3550,3552,3560,3563,3575,3577,3584,3587,3595,3598,3601,3605,3613,3616,3625,3627,3632,3633,3634,3635,3643,3644,3645,3646,3653,3658,3659,3663,3669,3674,3676,3678,3682,3683,3686,3688,3689,3690,3691,3693,3695,3699,3704,3715,3721,3727,3730,3733,3734,3744,3749,3751,3753,3758,3761,3762,3766,3767,3770,3773,3775,3776,3777,3780,3787,3792,3796,3809,3811,3813,3814,3815,3817,3821,3826,3828,3832,3844,3845,3848,3850,3852,3857,3858,3861,3864,3865,3866,3867,3871,3875,3880,3887,3891,3892,3903,3907,3913,3932,3933,3934,3939,3940,3948,3955,3959,3960,3970,3977,3982,3983,3985,3990,3994,3998,4001,4014,4026,4030,4032,4044,4046,4048,4050,4055,4056,4060,4076,4077,4080,4099,4105,4108,4110,4113,4114,4123,4127,4128,4130,4133,4134,4138,4139,4140,4141,4143,4148,4152,4156,4164,4174,4176,4180,4183,4184,4185,4189,4195,4197,4198,4199,4203,4205,4208,4211,4213,4217,4220,4222,4229,4231,4237,4239,4240,4248,4249,4252,4258,4259,4260,4261,4275,4276,4277,4281,4282,4286,4288,4291,4292,4293,4294,4299,4302,4303,4305,4311,4313,4314,4321,4326,4328,4335,4341,4342,4343,4347,4351,4359,4364,4365,4366,4369,4376,4378,4385,4388,4395,4402,4408,4410,4411,4413,4414,4417,4430,4434,4442,4447,4448,4453,4464,4470,4477,4490,4491,4494,4495,4506,4507,4519,4522,4531,4532,4541,4553,4554,4556,4559,4560,4561,4572,4574,4578,4586,4587,4591,4595,4597,4601,4604,4606,4607,4608,4611,4612,4615,4616,4617,4618,4621,4632,4635,4639,4644,4645,4649,4652,4656,4660,4661,4663,4666,4667,4669,4670,4678,4694,4697,4698,4703,4723,4724,4727,4739,4743,4756,4759,4761,4762,4769,4773,4774,4775,4777,4780,4785,4791,4796,4797,4800,4803,4813,4814,4822,4828,4829,4830,4839,4846,4849,4850,4857,4859,4860,4865,4868,4879,4882,4888,4890,4894,4897,4903,4910,4915,4942,4945,4950,4952,4959,4966,4973,4974,4975,4984,4993,4996,4998,5012,5014,5015,5020,5029,5031,5032,5033,5036,5042,5046,5047,5050,5055,5060,5066,5072,5079,5082,5083,5085,5090,5091,5095,5102,5105,5106,5108,5111,5113,5118,5121,5125,5129,5138,5141,5144,5145,5151,5154,5160,5161,5169,5176,5179,5190,5197,5199,5203,5207,5208,5211,5220,5237,5249,5262,5263,5264,5266,5269,5270,5277,5279,5280,5283,5290,5296,5302,5305,5306,5315,5316,5324,5331,5336,5337,5340,5346,5349,5353,5354,5360,5364,5365,5369,5370,5373,5375,5377,5378,5388,5389,5392,5395,5401,5407,5410,5418,5419,5423,5424,5429,5432,5436,5442,5446,5453,5460,5466,5469,5475,5482,5489,5497,5498,5502,5512,5519,5520,5521,5525,5529,5530,5543,5545,5548,5552,5556,5574,5588,5592,5597,5599,5602,5605,5616,5618,5624,5628,5631,5644,5645,5657,5659,5660,5666,5670,5671,5672,5678,5680,5682,5686,5690,5698,5702,5705,5725,5732,5734,5751,5752,5753,5759,5766,5768,5770,5778,5785,5786,5787,5788,5794,5798,5801,5813,5822,5823,5824,5825,5826,5829,5832,5833,5838,5840,5841,5842,5849,5851,5878,5880,5881,5884,5893,5895,5896,5906,5910,5912,5917,5933,5935,5940,5941,5948,5949,5961,5963,5972,5976,5980,5982,5983,5991,5994,5995,5999,6003,6004,6009,6017,6019,6024,6025,6031,6033,6035,6036,6038,6042,6046,6048,6049,6052,6058,6061,6064,6068,6070,6073,6083,6093,6103,6110,6113,6117,6119,6130,6132,6134,6135,6138,6145,6146,6151,6161,6164,6169,6173,6180,6181,6183,6188,6189,6190,6192,6197,6207,6210,6215,6227,6233,6236,6244,6246,6248,6249,6255,6256,6257,6263,6265,6271
23,30,57,61,167,206,334,388,483,484,596,618,621,652,660,674,775,788,885,933,936,948,1026,1041,1083,1096,1116,1191,1224,1277,1305,1476,1485,1498,1619,1786,1792,1856,1892,1910,1944,1948,2049,2169,2197,2218,2258,2286,2306,2327,2330,2354,2637,2644,2679,2772,2828,2858,2875,2982,3020,3025,3039,3095,3167,3169,3206,3227,3229,3238,3248,3367,3386,3412,3464,3482,3624,3628,3661,3662,3725,3736,3739,3807,3810,3818,3837,4021,4028,4035,4037,4041,4155,4192,4201,4246,4322,4398,4455,4462,4505,4546,4642,4740,4787,5039,5065,5135,5192,5219,5221,5294,5319,5323,5384,5409,5457,5477,5478,5507,5553,5596,5696,5707,5713,5755,5777,5789,5804,5811,5879,5953,5997,6045,6069,6186,6187
31,73,81,83,108,116,198,230,237,258,325,335,391,399,403,406,415,451,452,466,510,525,553,562,565,567,606,637,661,675,678,684,727,774,779,795,804,807,823,826,891,916,917,923,926,927,997,1016,1021,1038,1055,1057,1063,1098,1137,1157,1175,1189,1229,1246,1266,1309,1388,1401,1415,1460,1468,1484,1529,1533,1537,1540,1553,1565,1579,1602,1645,1657,1658,1697,1732,1759,1765,1766,1823,1826,1873,1880,1895,1898,1905,1987,2001,2002,2007,2057,2112,2120,2176,2198,2214,2225,2242,2310,2344,2362,2382,2396,2403,2415,2464,2470,2482,2492,2502,2593,2602,2675,2701,2738,2743,2758,2780,2798,2847,2853,2865,2878,2918,2966,2967,2989,3038,3076,3125,3128,3141,3159,3172,3179,3187,3220,3242,3321,3328,3351,3366,3374,3382,3433,3445,3453,3455,3467,3494,3511,3515,3536,3539,3567,3620,3651,3729,3772,3791,3797,3812,3822,3830,3846,3890,3896,3920,3937,3962,3986,3987,4009,4033,4036,4086,4125,4142,4271,4297,4316,4345,4379,4426,4465,4471,4472,4489,4499,4509,4538,4557,4564,4598,4614,4628,4655,4673,4676,4699,4742,4783,4843,4883,4913,4920,4982,5004,5016,5019,5059,5063,5092,5115,5152,5174,5236,5242,5284,5286,5333,5372,5484,5531,5532,5537,5554,5568,5595,5612,5716,5761,5806,5809,5816,5852,5855,5868,5905,5908,5928,5956,5962,5965,5974,5996,6002,6044,6050,6062,6081,6182,6184,6198,6268
4,12,21,28,44,107,159,173,252,262,279,282,285,290,303,311,373,408,478,581,603,679,712,718,729,732,771,810,874,875,884,898,938,955,969,1025,1046,1076,1145,1192,1194,1271,1299,1307,1312,1324,1357,1362,1428,1496,1504,1509,1526,1548,1576,1672,1696,1774,1780,1788,1797,1798,1809,1815,1838,1864,1886,1902,1906,1908,1974,2004,2072,2079,2133,2192,2223,2247,2406,2414,2433,2434,2519,2539,2556,2600,2627,2631,2667,2673,2686,2704,2719,2733,2735,2751,2768,2786,2820,2821,2823,2836,2838,2871,2912,2924,2926,2944,2948,3019,3073,3080,3087,3137,3161,3205,3254,3274,3293,3309,3347,3376,3457,3486,3503,3516,3537,3542,3582,3603,3607,3614,3629,3679,3680,3692,3694,3701,3714,3760,3831,3863,3914,3924,3925,3956,3961,3972,3973,3976,4010,4017,4065,4067,4071,4179,4224,4235,4280,4283,4320,4336,4338,4346,4390,4391,4393,4425,4440,4517,4533,4549,4552,4555,4563,4575,4702,4750,4770,4812,4834,4835,4875,4933,4941,4956,4981,5024,5084,5159,5180,5182,5231,5235,5246,5247,5256,5258,5278,5342,5357,5402,5426,5470,5494,5509,5527,5551,5578,5581,5609,5639,5677,5700,5704,5709,5746,5780,5808,5856,5857,5889,5946,5979,6032,6043,6059,6074,6112,6120,6128,6129,6174,6178,6206
543,909,1269,1487,1577,1757,1952,1983,2194,2304,2324,2689,2884,3142,3262,3502,3684,3800,3824,4355,4738,4977,5130,5147,5382,5550,5630,5729,5740,5747,6056,6063,6101
232,233,380,641,740,762,776,995,1030,1238,1302,1326,1386,1497,1510,1612,1695,1771,1790,2026,2161,2454,2624,2710,2731,2770,2862,2930,2938,2985,3194,3211,3247,3306,3353,3529,3562,3696,3731,3836,3916,3922,4005,4066,4301,4324,4380,4718,4760,4978,5096,5149,5239,5428,5450,5467,5473,5517,5534,5594,5613,5710,5727,5916,5978,6023,6185,6228
