22,30,61,66,75,167,194,205,271,307,311,312,330,353,417,458,472,508,533,545,582,605,621,679,699,725,735,745,820,824,888,895,924,926,993,999,1048,1057,1074,1107,1122,1223,1224,1254,1271,1319,1328,1359,1407,1412,1449,1479,1502,1541,1572,1574,1602,1662,1757,1799,1819,1843,1846,1889,1905,2012,2015,2026,2067,2087,2130,2141,2171,2238,2249,2262,2265,2266,2270,2285,2316,2319,2368,2449,2455,2468,2516,2524,2545,2549,2607,2641,2691,2801,2962,2996,3010,3014,3119,3208,3270,3298,3341,3356,3453,3480,3524,3540,3551,3569,3601,3617,3678,3728,3768,3770,3801,3865,3908,4004,4043,4118,4170,4206,4225,4227,4233,4299,4307,4360,4388,4408,4529,4550,4557,4578,4587,4687,4715,4782,4786,4793,4895,4984,5015,5018,5045,5048,5070,5119,5132,5157,5185,5186,5321,5371,5486,5512,5519,5729,5746,5768,5787,5806,5899,5952,5960,5963,5970,6032,6049,6057,6061,6180,6198,6260,6276,6323,6386,6398,6470,6530,6578,6640,6666,6684,6690,6700,6707,6740,6785,6845,6906,6910,6927,6935,6944,7006,7041,7082,7152,7164,7188,7203,7222,7229,7234,7244,7252,7295,7346,7355,7361,7412,7416,7421,7433,7451,7576,7593,7686,7692,7712,7785,7936,7955,8005,8025,8105,8142,8144,8156,8207,8223,8238,8288,8291,8310,8372,8421,8561,8571,8614,8638,8639,8745,8760,8795,8935,8969,8973,8974,8987,9048,9051,9074,9099,9134,9211,9296,9362,9368,9377,9459,9469,9491,9553,9592,9655,9656,9693,9740,9761,9843,9942,9999,10028,10057,10090,10093,10095,10233,10236,10254,10265,10270,10289,10296,10371,10402,10420,10454,10480,10481,10485,10514,10557,10578,10599,10651,10700,10786,10825,10830,10888,10908,10947,11029,11047,11056,11083,11092,11100,11146,11148,11183,11258,11272,11284,11341,11365,11380,11400,11441,11480,11492,11531,11537,11571,11595,11632,11653,11670,11679,11714,11796,11822,11879,11901
6,11,12,17,27,36,46,82,88,112,116,122,132,136,138,152,158,163,175,182,207,213,223,249,250,252,289,298,303,322,345,363,372,386,398,433,435,455,481,488,494,500,512,515,524,534,535,536,557,568,569,593,602,603,626,628,649,650,652,667,702,732,738,747,748,758,772,784,818,839,848,850,864,868,877,889,912,913,916,928,937,946,973,983,1061,1062,1067,1070,1075,1092,1100,1118,1147,1163,1183,1194,1209,1220,1228,1239,1242,1263,1270,1292,1294,1299,1302,1311,1333,1356,1361,1388,1397,1399,1404,1408,1410,1416,1427,1443,1446,1457,1459,1466,1469,1473,1476,1487,1488,1495,1501,1513,1534,1546,1549,1550,1551,1556,1587,1634,1635,1636,1669,1679,1683,1724,1732,1734,1737,1742,1762,1782,1785,1789,1797,1812,1813,1814,1831,1841,1854,1860,1903,1908,1919,1920,1921,1922,1929,1934,1943,1955,1957,1984,1989,2018,2047,2051,2056,2061,2089,2103,2131,2135,2138,2140,2167,2196,2203,2214,2218,2223,2234,2243,2246,2257,2260,2269,2272,2287,2291,2292,2294,2303,2310,2323,2326,2333,2341,2352,2365,2399,2401,2424,2443,2459,2469,2473,2481,2491,2502,2509,2512,2543,2567,2594,2597,2600,2614,2625,2649,2650,2652,2662,2668,2680,2694,2703,2723,2735,2762,2767,2795,2796,2798,2807,2814,2815,2821,2822,2824,2826,2829,2835,2840,2841,2862,2872,2896,2915,2938,2949,2953,2958,2972,2990,3011,3018,3055,3082,3101,3110,3120,3160,3161,3163,3170,3172,3179,3186,3189,3190,3195,3200,3221,3222,3223,3243,3273,3285,3287,3310,3328,3380,3381,3421,3450,3468,3474,3476,3510,3529,3534,3536,3565,3573,3590,3616,3622,3635,3644,3646,3657,3659,3682,3701,3712,3733,3738,3743,3746,3784,3792,3795,3798,3817,3825,3830,3840,3846,3859,3937,3941,3945,3953,3964,3986,3995,4014,4032,4036,4042,4044,4079,4089,4096,4099,4109,4116,4117,4139,4144,4155,4166,4176,4177,4187,4230,4247,4285,4286,4306,4310,4333,4337,4340,4391,4402,4425,4429,4433,4439,4444,4461,4475,4480,4486,4487,4497,4502,4507,4517,4547,4549,4567,4676,4692,4702,4703,4720,4748,4751,4771,4778,4791,4835,4854,4862,4892,4920,4935,4946,4958,4960,4962,4988,5011,5022,5027,5039,5067,5076,5080,5086,5168,5181,5191,5205,5216,5217,5220,5223,5239,5240,5248,5270,5291,5299,5303,5305,5311,5313,5318,5332,5357,5361,5365,5373,5451,5478,5484,5489,5493,5530,5553,5567,5575,5590,5603,5608,5614,5636,5643,5668,5694,5701,5703,5710,5745,5752,5776,5793,5812,5841,5863,5893,5917,5921,5936,5942,5943,5969,5987,6008,6016,6017,6022,6056,6080,6083,6126,6131,6143,6176,6182,6210,6211,6218,6223,6228,6246,6264,6269,6274,6288,6303,6310,6356,6361,6370,6374,6381,6385,6394,6432,6450,6456,6464,6482,6484,6508,6509,6510,6514,6515,6516,6534,6550,6551,6589,6605,6628,6634,6645,6659,6660,6661,6667,6683,6718,6721,6727,6735,6736,6751,6768,6771,6789,6808,6822,6823,6854,6870,6884,6894,6898,6937,6940,6982,7003,7008,7021,7022,7032,7039,7076,7094,7098,7131,7145,7158,7210,7231,7232,7235,7245,7246,7250,7269,7323,7351,7354,7364,7375,7410,7413,7442,7443,7448,7453,7476,7487,7493,7495,7540,7550,7581,7603,7604,7610,7625,7636,7653,7673,7695,7702,7704,7735,7754,7760,7788,7798,7803,7812,7822,7845,7869,7870,7918,7928,7941,8000,8001,8006,8029,8036,8038,8069,8074,8102,8110,8120,8179,8185,8202,8212,8231,8233,8237,8247,8250,8265,8268,8278,8285,8345,8376,8388,8400,8407,8420,8435,8450,8461,8476,8481,8493,8496,8524,8538,8549,8552,8574,8579,8603,8616,8621,8634,8661,8667,8687,8699,8708,8714,8765,8766,8773,8778,8814,8826,8828,8841,8845,8849,8859,8883,8911,8929,8931,8954,8966,8978,8991,9017,9092,9105,9115,9135,9153,9157,9184,9196,9201,9205,9213,9217,9234,9236,9242,9243,9258,9273,9286,9313,9326,9340,9370,9416,9425,9457,9470,9483,9528,9530,9535,9537,9550,9561,9600,9604,9631,9650,9694,9699,9709,9731,9735,9737,9739,9742,9754,9756,9778,9780,9784,9795,9810,9820,9848,9878,9892,9905,9907,9918,9930,9941,9968,9969,9971,10001,10030,10037,10051,10070,10087,10096,10106,10111,10127,10136,10142,10145,10158,10220,10271,10302,10313,10328,10331,10333,10341,10342,10369,10370,10378,10389,10399,10408,10410,10412,10422,10464,10491,10512,10515,10518,10529,10548,10568,10574,10579,10580,10598,10601,10605,10628,10644,10649,10659,10660,10665,10682,10683,10696,10706,10709,10729,10731,10743,10763,10775,10778,10792,10807,10809,10820,10843,10856,10859,10867,10881,10889,10905,10907,10911,10921,10924,10933,10944,10948,10953,10991,11020,11021,11048,11054,11062,11068,11086,11087,11088,11091,11103,11133,11134,11152,11156,11175,11186,11191,11197,11212,11217,11218,11250,11288,11296,11306,11318,11322,11402,11425,11428,11459,11481,11483,11485,11500,11551,11574,11575,11580,11587,11592,11598,11618,11629,11630,11643,11648,11657,11673,11676,11677,11678,11728,11747,11764,11783,11786,11792,11818,11843,11850,11854,11856,11870,11874,11894,11927,11940,11959
14,95,233,385,445,516,752,759,773,775,857,1028,1110,1143,1331,1376,1413,1417,1583,1594,1674,1689,1811,1817,1862,1870,1886,1925,1941,1974,1987,2101,2186,2199,2263,2330,2349,2458,2474,2569,2580,2669,2764,2897,2907,2930,2968,3058,3095,3217,3252,3267,3313,3317,3350,3428,3503,3538,3544,3561,3645,3680,3811,3815,3979,4053,4263,4273,4292,4420,4527,4614,4722,4747,4867,4879,5026,5175,5193,5255,5265,5266,5350,5352,5375,5381,5394,5428,5554,5628,5698,5792,5854,5878,5883,6069,6082,6106,6129,6338,6360,6378,6391,6448,6545,6546,6627,6691,6703,6749,6806,6820,6831,6840,6849,7058,7060,7073,7161,7242,7264,7277,7313,7468,7654,7679,7691,7717,7731,7789,7831,7840,7921,7978,8073,8088,8155,8254,8287,8292,8511,8537,8548,8587,8630,8647,8730,8775,8784,8805,8829,8854,8899,9080,9180,9208,9316,9328,9437,9471,9625,9703,9885,9889,9929,9950,9985,10009,10012,10034,10060,10170,10205,10366,10528,10544,10547,10653,10751,10761,10816,10877,10904,10906,10989,10993,11012,11023,11078,11213,11273,11379,11388,11444,11613,11833,11898,11952
16,51,72,74,107,126,153,160,208,296,297,301,328,333,346,352,354,357,369,441,468,497,513,529,548,562,718,730,791,833,883,920,923,969,988,1020,1042,1073,1096,1150,1178,1200,1226,1234,1255,1256,1273,1274,1317,1406,1442,1472,1497,1498,1508,1555,1620,1638,1652,1655,1677,1688,1692,1716,1721,1730,1806,1820,1848,1852,1940,1979,1995,1998,2030,2066,2117,2149,2159,2215,2217,2222,2267,2340,2377,2408,2440,2499,2525,2599,2610,2615,2678,2684,2719,2724,2804,2836,2848,2913,2940,2951,2969,2970,2988,2995,3097,3135,3157,3171,3215,3238,3247,3302,3346,3357,3471,3475,3483,3502,3527,3564,3566,3577,3584,3609,3706,3710,3727,3793,3841,3848,3895,3923,3987,4002,4006,4111,4132,4134,4154,4164,4210,4218,4234,4240,4255,4287,4291,4298,4329,4344,4384,4410,4457,4509,4518,4532,4551,4564,4580,4641,4662,4680,4739,4766,4820,4861,4863,4942,5071,5074,5089,5178,5188,5198,5212,5245,5298,5346,5355,5386,5396,5427,5505,5514,5515,5543,5545,5555,5560,5627,5645,5661,5685,5700,5715,5760,5773,5808,5824,5880,5895,5913,5920,5959,6014,6045,6097,6099,6142,6147,6206,6229,6231,6285,6297,6301,6302,6330,6332,6357,6363,6365,6375,6441,6503,6522,6528,6531,6554,6557,6576,6649,6697,6770,6850,6851,6861,6889,6933,6949,7000,7016,7034,7036,7065,7084,7112,7159,7208,7312,7374,7382,7388,7392,7409,7430,7460,7489,7492,7521,7554,7558,7629,7650,7657,7660,7664,7709,7746,7816,7846,7930,7935,7964,7965,7984,7990,7998,7999,8009,8021,8079,8081,8096,8154,8161,8239,8298,8320,8356,8386,8390,8401,8406,8408,8455,8468,8515,8521,8566,8593,8597,8666,8772,8842,8856,8930,8939,8976,9075,9101,9154,9178,9253,9287,9314,9315,9322,9335,9342,9401,9412,9421,9440,9472,9478,9509,9519,9520,9525,9564,9574,9575,9601,9612,9615,9618,9683,9697,9767,9806,9821,9883,9890,9940,10064,10080,10086,10118,10147,10216,10335,10340,10347,10360,10425,10438,10456,10457,10467,10471,10524,10650,10677,10693,10701,10724,10760,10769,10774,10810,10815,10868,10880,10899,10918,10930,10942,10967,10974,11004,11026,11027,11120,11187,11230,11236,11252,11286,11303,11465,11522,11526,11541,11553,11591,11609,11667,11686,11687,11691,11692,11717,11745,11816,11830,11837,11844,11871,11872,11884,11889,11929
68,85,156,202,281,299,502,504,571,635,644,749,751,846,907,964,990,994,1033,1058,1214,1217,1230,1275,1330,1363,1373,1389,1526,1537,1642,1659,1664,1754,1776,1790,1845,1891,1900,1915,1945,2070,2342,2343,2361,2364,2547,2630,2659,2687,2698,2994,2997,3129,3130,3286,3294,3404,3425,3446,3610,3642,3649,3689,3844,3972,3975,3982,4108,4216,4221,4321,4339,4372,4405,4413,4470,4558,4586,4592,4632,4652,4731,4745,5036,5087,5122,5138,5161,5242,5275,5344,5364,5385,5474,5513,5569,5578,5727,5759,5777,5797,5802,5813,5815,5826,5836,5864,6003,6046,6098,6125,6134,6307,6333,6340,6453,6457,6492,6549,6612,6626,6688,6692,6704,6836,6856,6862,6954,6997,7114,7185,7189,7192,7265,7286,7287,7337,7338,7366,7427,7481,7507,7522,7559,7567,7571,7580,7627,7690,7740,7750,7781,7804,7855,7975,8015,8040,8075,8170,8242,8271,8336,8442,8459,8487,8554,8613,8617,8694,8706,8711,8733,8770,8796,8892,8945,8948,8949,8967,8983,8986,8997,9013,9033,9110,9159,9225,9282,9303,9371,9379,9422,9549,9633,9658,9781,9787,9812,9844,9859,9887,9949,9962,9986,9995,10004,10184,10186,10266,10324,10409,10472,10482,10488,10558,10648,10787,10873,10891,10926,10951,11137,11235,11305,11377,11410,11556,11576,11577,11588,11593,11596,11627,11743,11765,11772,11791,11797,11802,11817,11834,11919
59,573,774,813,827,932,952,1257,1535,1603,1616,2216,2259,2366,2397,2420,2452,2530,2565,2619,2674,2765,2768,2993,3178,3304,3324,3394,3395,3571,3598,3667,3818,3873,4129,4404,4464,4469,4513,4559,4591,4699,4929,5078,5424,5572,5870,5933,6089,6234,6305,6463,6587,6672,6779,6936,6947,7198,7663,7777,8351,8359,8508,8618,8659,8681,8705,8803,8992,9030,9034,9161,9194,9209,9226,9272,9514,9623,9826,10063,10244,10322,10361,10415,10657,10735,10912,11072,11178,11357,11361,11497,11863
48,87,98,203,219,336,359,377,388,418,448,654,655,781,825,936,951,1039,1053,1080,1281,1338,1374,1455,1560,1618,1697,1760,1774,1775,1787,1793,1824,1828,1829,1893,1969,1976,2009,2052,2151,2160,2274,2280,2334,2434,2517,2540,2561,2756,2761,2833,2857,2867,2882,2929,2931,2974,3015,3094,3100,3105,3176,3187,3196,3202,3333,3366,3383,3624,3633,3719,3760,3821,3882,3887,3928,4011,4033,4107,4188,4199,4260,4295,4312,4317,4353,4359,4400,4445,4491,4512,4528,4542,4556,4596,4623,4691,4826,4841,4878,4941,4998,5028,5064,5077,5082,5090,5200,5281,5315,5392,5393,5581,5584,5690,5695,5774,5819,5830,5839,5877,5944,6041,6072,6096,6105,6187,6216,6250,6320,6401,6614,6654,6722,6724,6737,6825,6827,6868,6888,6896,6960,6966,7047,7141,7187,7219,7310,7362,7390,7519,7536,7549,7565,7591,7638,7682,7708,7751,7820,7825,7881,7899,7915,7931,7939,7963,7967,7994,8008,8010,8221,8339,8382,8387,8423,8433,8500,8722,8723,8732,8756,8798,8820,8888,8985,9046,9049,9078,9082,9133,9207,9278,9302,9343,9392,9423,9454,9565,9678,9681,9685,9768,9805,9813,9972,10046,10104,10105,10113,10153,10243,10263,10283,10459,10566,10610,10616,10617,10618,10619,10765,10794,10800,10808,10832,10842,10875,10883,10890,10897,11024,11059,11101,11164,11172,11189,11207,11221,11228,11254,11314,11338,11383,11408,11422,11501,11619,11635,11697,11740,11749,11771,11860
0,3,64,84,93,100,105,157,178,227,242,247,265,314,315,337,360,365,367,394,454,475,478,486,519,584,586,590,639,674,677,714,789,796,816,836,837,869,884,921,958,974,997,1026,1041,1056,1082,1144,1158,1173,1189,1206,1211,1222,1237,1259,1260,1322,1354,1377,1380,1418,1460,1474,1480,1493,1496,1525,1567,1660,1719,1747,1765,1779,1786,1803,1830,1836,1839,1847,1855,1880,1887,1896,1939,1971,1977,1999,2010,2071,2084,2104,2180,2194,2232,2255,2276,2296,2317,2321,2328,2348,2362,2369,2384,2435,2511,2571,2598,2636,2657,2667,2732,2742,2774,2775,2843,2877,2883,2889,2928,2976,3000,3031,3034,3037,3109,3165,3177,3183,3188,3193,3205,3214,3235,3309,3316,3326,3361,3413,3415,3440,3460,3464,3466,3479,3521,3546,3548,3554,3574,3576,3639,3641,3670,3705,3730,3745,3749,3752,3758,3772,3809,3884,3911,3920,3925,3939,3992,4037,4061,4063,4090,4147,4191,4197,4215,4232,4241,4293,4311,4366,4373,4377,4399,4416,4419,4447,4449,4463,4492,4593,4655,4701,4789,4792,4797,4851,4856,4880,4897,4957,4959,4964,4966,4976,4999,5000,5034,5051,5109,5117,5192,5196,5204,5226,5250,5278,5297,5309,5335,5401,5421,5432,5448,5457,5488,5516,5518,5550,5576,5621,5623,5625,5640,5665,5677,5790,5795,5809,5817,5855,5876,5884,5964,5973,6001,6042,6109,6116,6173,6188,6191,6233,6304,6319,6334,6339,6382,6447,6475,6500,6541,6673,6753,6799,6842,6847,6899,6909,6958,7026,7040,7048,7049,7096,7102,7156,7157,7172,7221,7260,7275,7278,7283,7344,7381,7407,7437,7452,7466,7467,7469,7494,7515,7542,7588,7675,7685,7699,7714,7723,7730,7732,7734,7762,7765,7779,7780,7794,7818,7835,7847,7864,7883,7901,7933,7938,7976,8028,8050,8062,8078,8084,8128,8236,8246,8252,8307,8311,8329,8341,8344,8355,8362,8437,8470,8546,8590,8596,8644,8737,8750,8811,8872,8922,8923,9011,9014,9023,9028,9032,9036,9061,9063,9079,9090,9136,9152,9190,9191,9192,9210,9221,9265,9300,9307,9333,9354,9356,9384,9388,9407,9429,9445,9458,9460,9484,9495,9585,9586,9610,9675,9676,9744,9776,9792,9827,9847,9879,9897,9924,9934,9951,9970,9975,9979,10062,10076,10079,10101,10115,10120,10155,10169,10191,10197,10206,10275,10310,10311,10319,10325,10338,10354,10358,10391,10426,10434,10435,10437,10448,10489,10538,10562,10575,10589,10590,10667,10687,10689,10692,10699,10715,10801,10811,10882,10915,10969,10981,11015,11019,11060,11099,11107,11113,11132,11149,11208,11214,11248,11257,11266,11270,11292,11293,11329,11331,11336,11373,11374,11419,11426,11431,11432,11454,11484,11512,11514,11565,11581,11590,11610,11637,11644,11650,11671,11688,11695,11744,11803,11831,11847,11902,11909,11910,11915,11947
375,378,483,509,962,1162,1169,1174,1656,1794,2358,2445,2663,2959,2978,3013,3060,3103,3307,3389,3526,3839,3879,4124,4157,4361,4434,4493,4670,4994,5258,5580,5688,5747,5914,6073,6373,6553,6957,7136,7306,7531,7561,7796,7962,8059,8869,8879,9277,9348,9641,9790,9988,10633,10664,11165
1,19,26,28,32,34,37,40,43,50,54,55,60,62,71,73,76,77,80,86,89,92,96,97,99,101,108,110,111,115,117,118,119,124,129,130,143,146,150,162,165,172,173,177,186,188,189,191,192,195,196,201,212,220,222,224,226,229,232,239,241,245,248,251,253,254,255,259,269,273,274,275,276,278,279,280,284,285,292,295,304,305,317,319,323,326,327,329,331,335,338,347,348,361,371,376,380,382,384,389,390,392,399,400,401,402,404,405,406,408,409,410,412,413,416,422,426,428,431,432,436,437,438,439,440,442,449,460,464,466,467,471,479,495,496,503,510,518,537,538,540,542,544,547,550,559,575,578,580,587,588,591,592,596,598,601,607,608,613,614,615,620,623,624,630,632,641,642,643,646,647,651,653,656,657,660,662,666,669,675,678,681,682,689,690,691,692,701,703,705,709,715,716,720,721,726,727,729,733,736,740,741,746,754,755,760,764,769,776,777,782,786,794,801,807,812,815,817,819,822,823,829,830,832,835,838,841,847,854,856,858,861,862,870,871,873,874,880,893,897,898,899,900,901,902,903,906,917,925,927,929,931,934,939,943,944,945,947,955,956,959,960,963,972,978,980,981,984,986,1003,1004,1010,1011,1012,1018,1019,1027,1032,1035,1036,1037,1044,1046,1047,1050,1055,1059,1063,1064,1068,1069,1071,1077,1085,1086,1089,1091,1095,1098,1099,1102,1105,1106,1112,1113,1114,1115,1121,1125,1128,1130,1131,1134,1140,1152,1154,1156,1160,1165,1172,1176,1180,1185,1188,1192,1193,1196,1198,1199,1201,1204,1213,1216,1218,1225,1227,1229,1244,1248,1250,1253,1258,1261,1264,1266,1272,1277,1278,1280,1282,1290,1293,1298,1300,1301,1305,1306,1307,1316,1320,1332,1336,1343,1346,1348,1351,1353,1370,1371,1372,1379,1381,1391,1402,1421,1425,1429,1430,1436,1445,1452,1454,1456,1458,1461,1467,1468,1470,1475,1477,1481,1482,1486,1489,1490,1491,1499,1500,1519,1521,1524,1529,1538,1539,1543,1548,1553,1554,1558,1562,1563,1568,1570,1571,1575,1585,1586,1589,1590,1592,1596,1600,1605,1606,1609,1612,1613,1614,1615,1621,1625,1628,1629,1630,1631,1637,1640,1644,1645,1646,1653,1657,1663,1665,1666,1668,1673,1675,1676,1694,1695,1696,1698,1701,1702,1706,1710,1722,1723,1731,1733,1736,1744,1745,1750,1751,1756,1763,1764,1767,1770,1771,1773,1780,1781,1795,1800,1801,1802,1804,1808,1822,1826,1832,1834,1840,1842,1850,1856,1858,1859,1876,1881,1888,1895,1902,1911,1913,1916,1918,1930,1931,1933,1942,1946,1947,1950,1953,1961,1964,1975,1981,1983,1988,1993,1994,2000,2004,2006,2007,2008,2017,2021,2022,2024,2031,2032,2034,2039,2040,2045,2053,2054,2058,2059,2062,2069,2074,2077,2078,2079,2080,2082,2092,2095,2106,2107,2114,2116,2123,2124,2126,2134,2139,2143,2147,2148,2152,2154,2155,2157,2161,2163,2164,2166,2168,2169,2170,2174,2176,2177,2179,2181,2182,2183,2185,2187,2188,2191,2195,2201,2205,2225,2228,2229,2230,2231,2237,2240,2247,2250,2254,2256,2273,2277,2278,2281,2282,2298,2302,2305,2307,2309,2314,2325,2331,2337,2338,2345,2347,2351,2354,2355,2356,2357,2359,2370,2372,2379,2380,2383,2385,2391,2392,2394,2396,2404,2405,2406,2410,2412,2416,2417,2418,2421,2425,2427,2429,2432,2439,2446,2451,2456,2457,2461,2467,2470,2477,2478,2482,2484,2488,2492,2500,2503,2504,2513,2515,2518,2520,2522,2523,2532,2534,2538,2544,2550,2553,2556,2557,2558,2570,2572,2574,2578,2586,2588,2591,2593,2604,2611,2612,2613,2616,2617,2620,2629,2637,2640,2642,2646,2653,2654,2670,2671,2676,2686,2688,2692,2696,2697,2707,2708,2717,2721,2726,2730,2731,2736,2738,2739,2741,2743,2747,2749,2753,2755,2757,2760,2766,2771,2772,2773,2777,2778,2779,2780,2783,2788,2789,2790,2794,2800,2802,2803,2809,2839,2842,2853,2856,2858,2859,2861,2863,2864,2866,2869,2871,2873,2895,2902,2903,2906,2908,2918,2919,2920,2926,2927,2937,2941,2943,2946,2955,2960,2963,2964,2965,2981,2987,2991,3003,3008,3016,3022,3029,3032,3035,3045,3047,3049,3051,3052,3053,3054,3057,3059,3072,3075,3078,3080,3086,3090,3092,3096,3106,3113,3117,3118,3127,3133,3136,3137,3139,3143,3144,3145,3146,3151,3152,3153,3158,3166,3175,3182,3194,3197,3198,3204,3207,3219,3225,3226,3231,3232,3240,3244,3245,3246,3255,3259,3261,3266,3276,3277,3280,3288,3292,3295,3301,3308,3315,3319,3321,3325,3330,3331,3335,3343,3344,3347,3351,3352,3354,3360,3363,3369,3372,3373,3374,3378,3382,3390,3391,3393,3397,3398,3401,3402,3403,3407,3414,3420,3424,3431,3432,3434,3435,3437,3442,3444,3445,3455,3459,3470,3473,3486,3492,3494,3496,3504,3505,3509,3511,3512,3513,3514,3517,3523,3528,3530,3533,3537,3547,3550,3555,3556,3558,3567,3581,3585,3591,3594,3597,3599,3600,3602,3605,3608,3612,3614,3615,3618,3621,3629,3631,3638,3661,3662,3664,3668,3671,3672,3673,3675,3676,3677,3681,3683,3687,3688,3690,3692,3696,3697,3708,3709,3711,3713,3714,3722,3724,3726,3731,3739,3741,3742,3744,3751,3753,3754,3755,3757,3762,3766,3767,3775,3778,3779,3790,3800,3810,3812,3813,3819,3827,3833,3834,3835,3836,3838,3845,3847,3855,3856,3860,3862,3863,3866,3870,3872,3874,3883,3890,3892,3896,3897,3903,3906,3916,3918,3919,3921,3922,3924,3929,3931,3932,3933,3938,3943,3944,3951,3955,3956,3958,3959,3960,3962,3963,3981,3984,3985,3989,3994,3996,3997,3998,3999,4008,4009,4010,4012,4015,4019,4029,4039,4045,4049,4050,4051,4054,4059,4064,4067,4068,4072,4074,4075,4076,4080,4082,4083,4087,4091,4094,4097,4103,4106,4114,4115,4119,4123,4125,4127,4130,4138,4140,4151,4153,4156,4161,4162,4163,4175,4183,4189,4193,4198,4201,4205,4207,4209,4213,4214,4217,4219,4235,4237,4238,4242,4245,4246,4248,4250,4251,4253,4254,4256,4267,4271,4272,4274,4275,4279,4280,4281,4283,4300,4302,4303,4304,4305,4308,4309,4316,4324,4326,4327,4330,4331,4336,4345,4349,4350,4352,4354,4364,4368,4369,4370,4371,4375,4385,4386,4389,4392,4398,4407,4412,4414,4417,4418,4421,4430,4437,4443,4451,4452,4453,4454,4455,4456,4458,4459,4473,4474,4483,4484,4485,4489,4490,4496,4498,4500,4501,4506,4511,4515,4520,4521,4523,4525,4534,4537,4538,4548,4555,4563,4569,4575,4577,4579,4581,4584,4589,4594,4595,4604,4605,4606,4610,4611,4615,4616,4617,4618,4624,4626,4627,4637,4638,4642,4644,4647,4650,4651,4653,4654,4657,4658,4663,4668,4675,4681,4688,4696,4698,4700,4707,4708,4709,4713,4719,4723,4724,4726,4733,4734,4736,4738,4741,4742,4746,4750,4754,4756,4763,4768,4776,4777,4780,4788,4802,4803,4804,4807,4809,4810,4812,4817,4822,4833,4837,4843,4844,4845,4850,4859,4866,4868,4872,4873,4875,4876,4883,4890,4894,4896,4902,4903,4907,4911,4912,4914,4915,4917,4923,4927,4933,4937,4943,4948,4949,4951,4954,4956,4961,4963,4965,4967,4968,4970,4973,4983,4987,4989,4991,4992,5001,5002,5007,5008,5009,5014,5019,5023,5035,5037,5040,5041,5044,5047,5049,5053,5058,5059,5060,5065,5066,5073,5075,5079,5083,5084,5085,5092,5093,5099,5101,5102,5105,5106,5107,5110,5111,5114,5115,5121,5123,5124,5128,5147,5150,5152,5153,5154,5156,5158,5159,5165,5166,5167,5172,5173,5177,5179,5190,5194,5197,5201,5218,5222,5228,5229,5230,5236,5243,5244,5246,5252,5254,5256,5259,5267,5268,5269,5280,5284,5285,5286,5287,5288,5289,5293,5295,5301,5314,5316,5324,5339,5345,5360,5366,5377,5380,5382,5390,5391,5403,5404,5411,5413,5418,5422,5425,5426,5430,5431,5433,5434,5435,5437,5442,5444,5449,5456,5458,5460,5462,5463,5475,5476,5492,5497,5498,5499,5500,5502,5509,5511,5527,5532,5536,5537,5548,5559,5561,5562,5565,5566,5570,5573,5574,5577,5582,5585,5594,5595,5597,5598,5600,5602,5604,5605,5609,5610,5616,5617,5624,5630,5632,5633,5635,5637,5639,5647,5655,5656,5657,5660,5663,5666,5669,5680,5684,5697,5699,5704,5707,5709,5712,5722,5726,5730,5735,5736,5738,5740,5741,5751,5753,5755,5757,5758,5764,5779,5782,5788,5800,5804,5807,5811,5814,5822,5825,5828,5834,5837,5838,5848,5857,5858,5867,5868,5871,5874,5875,5889,5890,5900,5901,5903,5905,5909,5910,5911,5915,5922,5925,5928,5929,5938,5939,5940,5941,5945,5947,5949,5950,5955,5962,5965,5967,5968,5971,5972,5974,5976,5981,5989,5990,5998,5999,6000,6005,6006,6009,6010,6012,6013,6015,6018,6021,6023,6026,6027,6028,6030,6033,6038,6043,6051,6052,6058,6059,6063,6068,6070,6077,6079,6081,6084,6087,6088,6091,6094,6102,6110,6114,6117,6120,6127,6132,6138,6145,6146,6148,6149,6151,6152,6153,6156,6162,6163,6164,6165,6169,6171,6172,6174,6175,6178,6190,6192,6199,6207,6214,6215,6217,6219,6222,6227,6230,6236,6238,6239,6240,6242,6249,6251,6252,6259,6271,6273,6275,6279,6284,6287,6289,6295,6296,6298,6299,6300,6311,6312,6315,6321,6326,6329,6331,6335,6336,6341,6346,6351,6353,6354,6355,6358,6367,6368,6372,6379,6389,6397,6400,6408,6409,6410,6412,6413,6415,6416,6417,6420,6421,6425,6426,6429,6433,6436,6443,6444,6446,6452,6458,6460,6462,6466,6469,6471,6474,6476,6481,6488,6489,6507,6513,6519,6521,6523,6526,6536,6538,6540,6542,6543,6547,6555,6556,6562,6563,6564,6567,6570,6574,6575,6577,6579,6580,6588,6590,6595,6597,6607,6617,6618,6622,6624,6630,6638,6642,6648,6651,6652,6658,6663,6671,6675,6678,6682,6689,6696,6698,6699,6711,6713,6730,6734,6738,6742,6744,6746,6747,6750,6752,6755,6761,6763,6769,6774,6777,6781,6784,6788,6791,6793,6807,6810,6813,6818,6821,6826,6830,6832,6833,6837,6839,6841,6852,6853,6855,6857,6858,6869,6873,6874,6877,6879,6880,6881,6882,6883,6886,6890,6901,6905,6907,6912,6913,6918,6919,6920,6922,6928,6931,6941,6943,6945,6946,6950,6955,6956,6964,6968,6974,6985,6986,6987,6988,6989,6992,6995,6998,6999,7005,7007,7012,7015,7019,7020,7023,7027,7028,7029,7035,7043,7051,7059,7062,7063,7066,7068,7071,7077,7087,7089,7090,7092,7095,7100,7101,7103,7107,7108,7111,7115,7116,7120,7122,7126,7129,7134,7135,7139,7140,7142,7143,7151,7153,7154,7160,7163,7166,7173,7175,7179,7180,7181,7182,7183,7193,7196,7199,7200,7204,7209,7212,7213,7214,7218,7225,7236,7238,7241,7248,7253,7263,7268,7272,7280,7285,7288,7290,7293,7298,7299,7300,7301,7302,7303,7304,7309,7311,7314,7316,7319,7325,7326,7328,7330,7332,7336,7340,7341,7359,7360,7365,7369,7373,7384,7389,7393,7394,7401,7402,7403,7404,7415,7418,7422,7423,7426,7432,7435,7439,7456,7461,7462,7465,7471,7472,7475,7480,7484,7486,7488,7501,7502,7504,7505,7508,7511,7513,7514,7530,7533,7534,7537,7541,7544,7545,7546,7547,7551,7555,7563,7570,7573,7574,7575,7577,7583,7584,7585,7586,7590,7592,7594,7597,7600,7605,7611,7614,7621,7622,7628,7633,7634,7635,7637,7639,7641,7643,7644,7645,7649,7651,7652,7668,7670,7672,7687,7694,7696,7697,7701,7705,7713,7716,7724,7728,7738,7741,7742,7744,7745,7753,7755,7758,7763,7767,7768,7771,7772,7773,7774,7775,7776,7778,7783,7784,7786,7790,7795,7797,7805,7813,7819,7824,7829,7832,7833,7841,7842,7852,7857,7858,7860,7867,7882,7889,7894,7895,7896,7904,7906,7916,7917,7919,7932,7946,7952,7961,7968,7969,7974,7979,7981,7986,7989,7991,7992,7996,7997,8004,8007,8011,8014,8019,8022,8023,8024,8027,8031,8032,8034,8042,8044,8051,8053,8057,8061,8063,8066,8070,8071,8072,8076,8077,8086,8087,8090,8093,8095,8106,8109,8112,8113,8124,8125,8131,8132,8137,8141,8146,8147,8151,8152,8159,8163,8164,8165,8166,8169,8171,8173,8174,8176,8180,8181,8183,8188,8191,8195,8199,8201,8204,8205,8210,8220,8222,8226,8229,8232,8234,8243,8248,8253,8258,8260,8262,8264,8267,8275,8279,8284,8290,8294,8295,8299,8301,8302,8309,8312,8314,8317,8337,8348,8349,8353,8354,8366,8374,8377,8384,8392,8395,8398,8399,8404,8413,8416,8417,8418,8422,8424,8431,8434,8447,8448,8457,8458,8460,8473,8474,8475,8480,8486,8488,8490,8491,8498,8499,8513,8518,8520,8522,8523,8525,8526,8527,8528,8529,8535,8539,8543,8551,8553,8560,8569,8570,8575,8577,8582,8601,8607,8608,8610,8622,8625,8626,8629,8631,8648,8649,8650,8652,8657,8664,8668,8672,8674,8677,8679,8682,8688,8693,8695,8698,8700,8707,8712,8713,8720,8729,8731,8739,8744,8746,8748,8749,8755,8761,8763,8769,8774,8777,8780,8783,8786,8787,8789,8800,8801,8802,8810,8816,8821,8823,8830,8832,8834,8840,8844,8851,8852,8853,8857,8862,8865,8867,8868,8876,8877,8880,8881,8882,8885,8887,8896,8902,8905,8907,8908,8910,8912,8914,8917,8918,8920,8921,8934,8936,8938,8940,8950,8957,8958,8960,8962,8965,8970,8977,8984,8989,8990,8993,8994,8995,8996,8999,9000,9001,9003,9005,9006,9009,9012,9016,9025,9035,9037,9041,9043,9044,9047,9055,9059,9060,9069,9071,9076,9083,9084,9086,9088,9093,9094,9102,9111,9112,9113,9116,9119,9126,9127,9128,9131,9138,9140,9141,9142,9143,9144,9149,9155,9158,9160,9162,9168,9169,9179,9182,9183,9185,9187,9188,9193,9198,9199,9203,9206,9214,9218,9219,9220,9222,9223,9224,9239,9245,9246,9249,9251,9252,9256,9257,9260,9262,9264,9267,9274,9276,9280,9283,9284,9285,9288,9295,9297,9304,9312,9318,9319,9321,9323,9324,9325,9338,9341,9345,9346,9352,9358,9360,9367,9372,9374,9378,9380,9385,9387,9395,9398,9400,9402,9404,9405,9406,9408,9409,9410,9418,9426,9427,9428,9431,9434,9442,9443,9444,9450,9452,9453,9464,9467,9468,9475,9476,9479,9481,9485,9496,9500,9503,9505,9506,9510,9515,9517,9518,9522,9524,9544,9547,9556,9558,9559,9560,9563,9571,9580,9587,9594,9595,9598,9608,9609,9611,9624,9630,9632,9637,9643,9644,9647,9651,9652,9657,9660,9661,9663,9673,9680,9682,9684,9686,9689,9695,9696,9698,9702,9708,9721,9723,9727,9730,9733,9734,9736,9748,9750,9753,9755,9758,9760,9765,9766,9770,9771,9775,9793,9794,9797,9798,9799,9807,9815,9816,9818,9819,9822,9824,9831,9835,9842,9854,9855,9856,9861,9865,9872,9894,9898,9904,9910,9911,9916,9919,9920,9922,9926,9932,9933,9943,9944,9945,9947,9948,9952,9956,9967,9973,9974,9976,9977,9981,9982,9994,9996,9998,10010,10014,10017,10020,10022,10025,10032,10033,10041,10050,10058,10065,10068,10081,10082,10100,10107,10108,10112,10114,10116,10119,10122,10123,10124,10126,10130,10134,10140,10144,10157,10160,10161,10162,10167,10171,10172,10185,10194,10196,10198,10201,10208,10214,10218,10223,10228,10237,10242,10248,10256,10258,10261,10273,10276,10278,10279,10286,10290,10297,10299,10300,10312,10314,10317,10321,10326,10327,10329,10336,10339,10344,10345,10348,10349,10356,10372,10376,10377,10379,10383,10387,10388,10393,10394,10397,10400,10401,10413,10414,10417,10423,10429,10431,10439,10441,10442,10443,10447,10449,10450,10452,10458,10463,10465,10469,10478,10483,10486,10497,10498,10501,10506,10523,10532,10537,10540,10545,10552,10553,10556,10561,10563,10564,10570,10571,10583,10584,10587,10594,10602,10603,10608,10609,10611,10613,10614,10621,10623,10626,10627,10629,10630,10631,10634,10637,10642,10645,10654,10656,10663,10670,10672,10674,10679,10681,10695,10698,10703,10711,10712,10717,10727,10734,10738,10739,10744,10748,10749,10750,10757,10759,10770,10782,10783,10790,10791,10797,10798,10804,10813,10817,10819,10821,10835,10837,10844,10846,10853,10855,10857,10858,10865,10869,10870,10885,10886,10887,10898,10901,10902,10903,10914,10928,10932,10934,10946,10955,10957,10958,10959,10960,10964,10972,10975,10977,10978,10979,10980,10994,10995,11000,11001,11002,11006,11007,11010,11014,11017,11025,11028,11030,11031,11032,11039,11041,11044,11050,11051,11058,11061,11065,11066,11081,11084,11089,11095,11102,11106,11109,11121,11123,11138,11139,11141,11150,11151,11155,11158,11159,11160,11161,11162,11163,11168,11177,11180,11185,11190,11200,11201,11203,11205,11210,11223,11231,11232,11233,11234,11244,11251,11253,11256,11264,11275,11277,11278,11279,11281,11291,11297,11304,11310,11313,11315,11316,11319,11320,11326,11334,11340,11345,11347,11348,11354,11358,11360,11363,11367,11369,11372,11375,11376,11384,11386,11389,11392,11394,11396,11397,11398,11401,11405,11409,11413,11415,11440,11442,11443,11451,11453,11457,11460,11462,11464,11466,11472,11473,11474,11476,11490,11491,11494,11495,11498,11504,11506,11507,11508,11511,11515,11516,11517,11520,11521,11524,11527,11528,11529,11536,11539,11542,11543,11544,11548,11550,11558,11566,11567,11569,11573,11578,11579,11586,11594,11603,11604,11606,11607,11611,11614,11615,11620,11628,11633,11634,11641,11645,11649,11652,11656,11658,11662,11664,11665,11672,11681,11689,11700,11704,11705,11709,11711,11713,11720,11722,11723,11726,11732,11733,11741,11742,11752,11754,11755,11757,11758,11760,11762,11766,11770,11775,11778,11794,11801,11805,11807,11811,11820,11823,11826,11835,11839,11849,11851,11858,11861,11864,11867,11868,11878,11885,11892,11893,11899,11908,11911,11912,11914,11922,11923,11924,11925,11930,11931,11932,11934,11938,11942,11953,11954,11956,11957
35,277,552,878,942,1065,1159,1310,1564,1835,1851,1932,1980,2027,2094,2209,2235,2322,2433,2531,2622,2673,2700,2712,3066,3126,3141,3169,3227,3399,3412,3423,3452,3500,3651,3653,3829,4062,4069,4243,4365,4432,4477,4639,4775,4916,4938,5231,5283,5329,5416,5641,5672,5673,5719,5835,6119,6244,6383,6511,6611,6625,6824,6876,6895,7038,7270,7445,7659,7814,8018,8122,8126,8145,8273,8289,8319,8402,8479,8531,8586,8815,9167,9170,9268,9292,9293,9513,9539,9671,9705,9965,10026,10038,10059,10188,10203,10207,10211,10323,10386,10436,10531,10592,10710,10768,11085,11126,11199,11226,11274,11406,11489,11496,11608,11881,11928
58,551,576,680,686,1120,1135,1394,1503,1868,2025,2125,2156,2226,3236,3694,4038,4165,4179,4573,4588,4629,4656,5057,5398,5750,6434,6496,6641,6934,7113,7274,7378,7498,7655,7748,8121,8139,8244,8383,8632,9070,9533,9588,9646,10182,11179,11829
33,81,114,210,310,427,565,687,712,728,840,881,908,961,965,992,1021,1038,1049,1136,1190,1349,1392,1400,1604,1700,1713,1743,1866,2304,2555,2577,2718,2791,2947,3064,3206,3220,3260,3427,3579,3658,3777,3843,3899,3936,3961,3973,4149,4223,4346,4409,4666,4887,4893,5005,5020,5043,5088,5108,5126,5414,5510,5820,5882,5977,5983,6124,6364,6558,6930,6932,7024,7030,7121,7184,7247,7370,7424,7446,7450,7543,7707,7801,7823,7884,7912,7940,7947,8091,8357,8502,8692,8764,8804,8975,9024,9089,9350,9383,9420,9461,9626,9804,9864,9869,9899,9966,10117,10138,10219,10306,10385,10522,10690,10793,10803,10871,10935,10936,10945,11016,11182,11311,11324,11612,11799
13,103,131,151,197,225,237,300,309,332,344,383,473,499,517,525,560,627,661,685,700,706,845,882,886,1017,1088,1103,1104,1142,1153,1170,1240,1252,1267,1284,1313,1326,1438,1451,1483,1532,1547,1580,1582,1610,1682,1684,1690,1717,1759,1772,1844,1894,1904,1944,1985,2096,2115,2233,2335,2485,2489,2495,2496,2552,2568,2601,2645,2655,2664,2677,2699,2754,2813,2834,2890,2966,2975,2984,3023,3027,3030,3069,3073,3093,3138,3271,3272,3279,3297,3323,3329,3348,3376,3438,3447,3449,3487,3498,3583,3604,3630,3782,3785,3807,3852,3853,3946,3954,3978,4018,4040,4052,4057,4060,4088,4095,4131,4195,4335,4424,4426,4462,4465,4526,4531,4536,4645,4659,4729,4753,4758,4796,4828,4829,4840,4860,4865,4884,5094,5131,5135,5136,5149,5171,5207,5251,5264,5337,5410,5485,5501,5522,5531,5579,5592,5601,5659,5670,5682,5732,5786,5816,6040,6128,6141,6213,6253,6291,6317,6344,6359,6366,6418,6442,6451,6487,6512,6594,6603,6608,6635,6653,6708,6723,6728,6760,6794,6798,6809,6811,6817,6991,7017,7045,7072,7079,7106,7127,7150,7215,7217,7257,7297,7345,7398,7499,7506,7526,7552,7589,7613,7619,7623,7631,7669,7689,7726,7747,7759,7782,7849,7850,7875,7890,7893,7898,7925,8020,8033,8099,8249,8326,8328,8331,8375,8379,8394,8410,8411,8466,8467,8471,8485,8591,8628,8660,8680,8822,8858,8864,8925,8941,8943,8964,8981,9022,9031,9200,9204,9255,9263,9305,9369,9438,9486,9488,9504,9512,9576,9599,9606,9613,9648,9704,9719,9832,9886,9906,9936,9957,10003,10023,10039,10052,10056,10125,10139,10143,10152,10281,10318,10367,10433,10479,10495,10736,10742,10771,10805,10814,10848,10939,10971,10982,10985,11096,11145,11153,11154,11184,11192,11209,11241,11282,11309,11332,11343,11434,11449,11463,11666,11708,11828,11873,11880,11926,11937
147,270,318,366,470,528,609,618,634,663,798,804,806,809,849,982,1197,1279,1428,1588,1678,1709,1792,1807,2132,2137,2145,2375,2658,2812,2878,2977,3457,3481,3490,3699,3970,4048,4249,4450,4472,4553,4585,4836,4904,4913,5069,5151,5164,5300,5323,5348,5453,5455,5504,5544,5631,5651,5798,6782,6787,6983,7137,7339,7414,7490,7596,7802,8065,8157,8162,8456,8557,8565,8633,8685,8893,8980,9018,9390,9557,9622,9627,9670,9679,9743,9747,9862,10526,10541,10554,10586,10600,10640,10668,10740,10741,10878,10922,10961,11073,11111,11229,11267,11436,11625,11776,11903,11917,11939
24,125,127,451,595,1658,1952,2442,2816,3216,3625,4226,4508,4772,5016,5091,5209,5482,5791,5908,5931,6961,6962,7267,7485,7527,7854,8636,8767,9097,9156,10217,10505,10635,10822,10838,11147,11479,11482,11535,11782,11945
106,135,190,246,272,316,424,480,507,526,572,574,617,625,631,659,768,779,853,967,975,1001,1119,1138,1139,1141,1420,1512,1565,1577,1622,1626,1654,1758,1959,2029,2136,2150,2158,2178,2289,2346,2395,2409,2419,2472,2475,2582,2583,2585,2689,2745,2917,2961,3353,3562,3582,3652,3723,3773,3851,4028,4055,4397,4427,4428,4565,4607,4716,4749,4787,4857,5182,5338,5465,5469,5620,5626,5638,5721,5799,5818,5860,5930,6011,6093,6107,6133,6322,6399,6402,6527,6705,6714,6758,6844,6865,6885,6981,7177,7207,7342,7347,7425,7438,7578,7640,7826,7851,7970,8039,8119,8168,8276,8293,8373,8412,8506,8550,8568,9015,9373,9508,9511,9555,9602,9638,9802,9838,9870,9935,10085,10128,10148,10231,10238,10309,10432,10453,10593,10658,10996,11037,11063,11076,11116,11125,11129,11216,11572,11654,11668,11767,11838,11865,11875,11904,11944
29,41,144,155,267,324,362,381,387,629,698,710,731,795,910,971,1034,1081,1090,1101,1265,1308,1334,1340,1368,1517,1639,1715,1861,1938,1978,2041,2113,2120,2175,2197,2224,2353,2483,2486,2537,2651,2782,2786,2820,2846,2893,2904,2983,3050,3115,3122,3155,3305,3400,3405,3408,3456,3626,3650,3666,3698,3715,3794,3804,3816,3858,3898,3909,3930,3965,3983,4056,4066,4086,4169,4181,4257,4319,4325,4362,4619,4689,4710,4735,4825,4832,4855,4955,4986,5095,5129,5233,5308,5326,5359,5383,5477,5534,5557,5564,5568,5717,5756,5780,5805,5843,5934,6121,6170,6181,6221,6405,6438,6445,6449,6600,6636,6670,6762,6790,6921,6939,6969,6972,7230,7282,7291,7308,7318,7411,7444,7562,7579,7656,7836,7843,7900,7943,7980,8143,8177,8277,8304,8333,8391,8405,8505,8562,8702,8952,9139,9172,9173,9238,9473,9616,9629,9720,9902,10031,10292,10355,10390,10466,10549,10560,10764,10806,10863,10884,10940,10949,10983,11104,11144,11265,11328,11420,11438,11470,11583,11702,11759,11869
4,90,321,325,403,461,599,606,852,935,948,1008,1094,1383,1516,1611,1923,1982,1991,2293,2388,2414,2423,2441,2453,2603,2702,2830,2905,2922,3033,3229,3320,3385,3620,3797,3806,3869,3927,4244,4266,4482,4488,4613,4773,4827,5029,5097,5103,5160,5210,5538,5618,5679,5823,6086,6158,6200,6599,6686,6712,7124,7169,7197,7240,7261,7417,7662,7681,7710,7739,7764,7791,7873,7910,8056,8064,8108,8184,8269,8504,8640,8655,8721,8726,8785,8898,8942,9008,9100,9151,9189,9250,9271,9289,9349,9499,9521,9779,9808,9845,9877,9959,10013,10103,10190,10226,10534,10551,10776,10952,11022,11049,11255,11623,11739,11943
123,179,263,368,393,434,457,546,556,594,633,708,723,763,790,799,915,938,950,1083,1146,1295,1323,1345,1367,1382,1484,1544,1581,1687,1752,1875,1907,2192,2367,2378,2438,2505,2589,2711,2784,2828,2875,3025,3044,3099,3111,3174,3230,3241,3278,3358,3469,3489,3508,3634,3660,3864,3889,3915,3980,3993,4171,4178,4220,4290,4347,4378,4411,4545,4574,4601,4622,4671,4799,4847,4882,5031,5140,5146,5279,5384,5400,5406,5417,5611,5775,5796,5831,5845,5887,5958,6007,6085,6139,6144,6189,6243,6261,6266,6316,6376,6387,6440,6473,6602,6631,6662,6702,6733,6764,6778,6796,6859,6887,6904,6923,6980,6984,7025,7110,7227,7239,7243,7262,7395,7525,7560,7606,7612,7615,7683,7719,7811,7817,7908,7924,7937,7973,8013,8080,8193,8214,8255,8335,8469,8545,8589,8623,8792,8825,8836,8875,8963,9062,9077,9164,9327,9332,9339,9516,9527,9552,9582,9603,9653,9668,9928,9938,9954,9984,10091,10189,10192,10200,10235,10274,10298,10337,10445,10461,10499,10582,10688,10697,10720,10812,10836,11038,11118,11245,11298,11307,11325,11423,11455,11639,11661,11699,11841,11882,11916,11918
228,673,814,891,1009,1016,1132,1296,1510,1520,1899,1909,2016,2099,2207,2245,2403,2535,2648,2748,2787,2823,2831,3210,3211,3213,3263,3370,3429,3588,3648,3702,3826,4024,4211,4376,4600,4714,4801,4831,4870,5038,5055,5468,5658,5748,5850,6203,6586,6606,6838,6963,7018,7057,7088,7205,7281,7289,7358,7387,7391,7429,7736,7983,8016,8115,8172,8477,8884,9010,9270,9749,10018,10183,10396,10510,10521,10573,10826,11112,11371,11439,11534,11589,11626,11853,11913
142,243,302,521,566,640,658,668,762,788,1024,1149,1155,1289,1315,1386,1453,1462,1518,1704,1725,1735,1838,1962,2064,2068,2081,2315,2471,2506,2632,2661,2672,2675,2849,2868,2973,2989,3107,3264,3268,3284,3289,3296,3359,3368,3406,3430,3501,3506,3531,3575,3632,3637,3725,3808,3814,3877,3912,4023,4027,4167,4168,4297,4401,4664,4853,4936,4945,4980,5378,5407,5681,5716,5886,5891,5898,5902,5979,6031,6118,6155,6204,6208,6277,6428,6468,6480,6532,6669,6680,6720,6828,6908,7001,7052,7067,7069,7080,7099,7167,7367,7379,7557,7587,7599,7609,7618,7725,7766,7856,7892,8003,8049,8158,8160,8175,8251,8272,8315,8323,8338,8364,8465,8472,8495,8540,8612,8813,8850,8863,8916,8982,8998,9107,9121,9132,9147,9240,9244,9291,9344,9347,9435,9446,9448,9593,9667,9669,9710,9717,9782,9840,9866,9884,9908,10040,10061,10135,10141,10199,10209,10267,10364,10502,10508,10525,10567,10615,10624,10680,10716,10879,10938,11176,11202,11239,11269,11446,11557,11616,11646,11674,11693,11750,11789,11825,11895,11920
9,25,154,193,447,490,498,554,600,622,739,771,805,865,866,894,940,941,985,1002,1040,1097,1117,1186,1304,1309,1318,1324,1337,1357,1378,1384,1464,1528,1531,1578,1661,1681,1691,1739,1783,1885,1906,1951,1966,1986,2020,2043,2093,2112,2128,2200,2204,2210,2212,2213,2227,2306,2360,2415,2584,2626,2706,2714,2799,2838,2898,2945,3009,3108,3192,3201,3306,3334,3349,3443,3485,3491,3532,3611,3665,3736,3759,3763,3780,3824,3871,3881,3900,3966,4003,4158,4172,4200,4236,4284,4332,4343,4379,4438,4479,4543,4628,4633,4634,4683,4718,4757,4765,4795,4909,4926,4932,5010,5112,5307,5367,5368,5399,5415,5423,5479,5533,5541,5588,5589,5652,5671,5742,5763,5770,5772,5781,5784,5951,5978,5997,6025,6054,6130,6185,6205,6256,6262,6286,6427,6459,6537,6592,6610,6665,6681,6687,6706,6731,6743,6748,6766,6776,6819,6871,6942,6970,6977,7002,7014,7119,7144,7171,7178,7194,7237,7294,7353,7396,7420,7449,7463,7512,7520,7535,7553,7564,7582,7616,7665,7684,7700,7727,7729,7827,7897,7913,7920,7988,8052,8068,8100,8200,8219,8224,8257,8297,8436,8507,8572,8580,8627,8671,8675,8676,8734,8797,8819,8838,8909,8913,9057,9122,9227,9247,9308,9310,9355,9361,9376,9382,9396,9411,9436,9451,9568,9573,9579,9636,9666,9672,9687,9688,9774,9788,9881,9891,9909,9917,9937,10077,10110,10166,10202,10212,10245,10251,10268,10282,10291,10424,10427,10460,10530,10536,10643,10755,10762,10780,10824,10872,10894,10896,10962,10997,11040,11052,11114,11122,11127,11136,11173,11237,11321,11370,11390,11416,11417,11421,11430,11437,11493,11499,11525,11563,11602,11663,11703,11716,11725,11729,11746,11780,11788,11813,11832,11888,11907,11950,11958
240,421,683,1191,1286,1540,1766,1788,1827,1879,2050,2146,2313,2480,2510,2546,3048,3112,3124,3218,3256,3258,3362,3587,3721,3747,3776,3783,3823,3828,3907,4005,4182,4222,4231,4277,4440,4441,4467,4612,4643,4760,4770,4790,4918,4953,5003,5356,5438,5526,5571,5731,5737,5852,5988,6029,6161,6437,6483,6616,6815,6848,7186,7190,7474,7477,7566,7572,7711,7848,7934,8085,8270,8322,8430,8484,8600,8653,8684,8718,8741,8771,8901,9363,9391,9397,9662,9718,9789,9800,9814,9849,9850,9955,10047,10179,10375,10395,10604,10636,10671,10678,10704,10713,10745,10823,10874,11064,11263,11356,11387,11600,11761,11785,11955
169,262,527,549,553,563,770,987,1052,1054,1245,1536,1623,1748,1849,1912,2005,2088,2253,2332,2402,2422,2494,2579,2596,2606,2713,2733,2769,2797,2808,2811,2888,3001,3039,3040,3061,3209,3257,3379,3488,3507,3545,3750,3788,3886,3894,4021,4058,4128,4135,4194,4294,4320,4355,4403,4572,4602,4603,4646,4660,4744,4852,4981,5272,5372,5387,5461,5464,5549,5587,5642,5696,5879,5975,5986,6004,6035,6036,6047,6050,6071,6136,6168,6241,6292,6498,6655,6725,6897,6914,7216,7322,7383,7408,7548,7556,7733,7877,8129,8197,8389,8409,8426,8440,8514,8583,8602,8645,8651,8678,8719,8757,8871,8906,8979,9019,9021,9109,9165,9174,9441,9617,9713,9863,9958,10000,10083,10204,10213,10241,10419,10517,10565,10732,10737,10766,10828,10970,11003,11115,11220,11382,11403,11523,11545,11737,11948
21,198,589,783,1023,1166,1494,1871,1926,2019,2035,2190,2299,2587,2618,2627,2722,2792,2855,2910,3012,3068,3340,3436,3463,3467,3560,3716,3857,4007,4133,4160,4415,4636,4679,4693,4705,5155,5206,5347,5363,5473,5524,5556,5583,5723,5771,5829,5844,5862,5892,5918,5923,6062,6237,6491,6786,6804,6925,6938,6948,6990,7249,7315,7491,7698,7737,7793,7810,7922,8030,8286,8393,8536,8547,8662,8691,8735,8779,9095,9098,9230,9269,9329,9548,9578,9745,9803,9829,9882,9960,10043,10181,10576,10595,10723,10756,10777,10860,10866,10909,10929,11042,11046,11174,11215,11276,11696,11701,11721,11859,11890,11897
7,31,104,238,294,670,693,694,704,1025,1029,1030,1362,1439,1471,1579,1796,2002,2363,2487,2602,2639,2944,2971,2982,3002,3091,3251,3384,3691,3774,3876,3913,4025,4145,4442,4516,4539,4583,4712,4725,4798,4885,4995,5142,5213,5429,5491,5613,5650,5869,6135,6235,6257,6306,6318,6485,6552,6583,6739,6767,7081,7168,7630,7658,7666,7769,7806,7815,7844,7861,7951,8187,8397,8563,8564,8604,8697,8736,8837,8904,9334,9497,9566,9614,9725,9729,9741,9836,9927,10071,10304,10307,10330,10569,10646,10747,10753,10862,11110,11194,11452,11458,11502,11552,11659,11669,11935
161,171,184,429,477,713,1005,1014,1051,1116,1219,1235,1878,1990,2001,2014,2297,2466,2536,2720,2819,2979,3017,3063,3084,3477,3553,3674,3734,3849,3926,4112,4120,4141,4278,4561,4648,4684,4864,5052,5127,5187,5470,5859,5885,6037,6108,6183,6224,6281,6506,6584,6805,6893,7125,7128,7497,7914,7927,7960,8055,8167,8371,8512,8933,8959,9073,9104,9176,9298,9439,9492,9674,9724,9931,9939,10053,10067,10240,10285,10305,10496,10513,10527,10606,10752,10963,11300,11351,11467,11532,11707,11712,11718,11774,11848
102,134,216,532,696,737,1076,1123,1212,1423,1869,1967,2046,2290,2490,2701,2725,2746,3046,3104,3148,3228,3318,3539,3572,3735,3910,3950,4146,4357,4363,4383,4468,4673,4881,4908,5274,5320,5351,5591,5662,5674,5693,5734,6123,6195,6258,6308,6499,6501,6559,6891,7206,7385,7405,7458,7464,7510,7715,7799,8340,8358,8567,8663,8924,9054,9123,9171,9197,9281,9309,9393,9466,9480,9501,9607,9619,9639,9900,9963,10002,10005,10011,10074,10224,10284,10407,10484,10516,10652,10854,10861,10950,10986,11011,11167,11261,11312,11399,11456,11488,11622,11866
109,113,211,286,287,343,351,356,395,430,469,555,558,579,612,717,722,766,834,851,859,919,1108,1262,1288,1291,1398,1414,1505,1561,1641,1798,1837,1865,1872,1928,1958,2013,2038,2048,2100,2129,2162,2242,2264,2371,2373,2393,2562,2564,2576,2605,2623,2695,2715,2850,2860,2865,2892,2900,2901,2911,2912,2935,2980,3125,3154,3311,3336,3419,3439,3462,3627,3717,3729,3822,3854,3861,3893,3957,3991,4159,4380,4395,4431,4505,4552,4597,4677,4706,4783,4824,4830,4871,4877,4900,4928,5033,5062,5120,5143,5162,5263,5276,5294,5334,5341,5439,5454,5517,5539,5558,5766,5801,5846,5853,5916,5919,5924,5948,6078,6095,6194,6280,6349,6495,6729,6866,6867,6917,6965,7004,7056,7061,7130,7343,7352,7368,7455,7473,7478,7595,7601,7720,7792,7859,7872,7977,8043,8046,8048,8136,8140,8182,8196,8209,8215,8225,8263,8318,8321,8378,8517,8592,8605,8615,8624,8646,8689,8725,8743,8751,8886,8895,8951,9038,9085,9125,9137,9229,9235,9364,9375,9462,9474,9490,9543,9620,9628,9846,9913,9946,10024,10164,10229,10280,10295,10346,10368,10373,10539,10555,10591,10622,10702,10708,10851,10895,10910,10917,10927,10965,11143,11246,11271,11335,11393,11404,11447,11468,11475,11503,11624,11682,11810,11824,11857,11876
872,1409,1712,1816,1873,1948,2239,2647,2885,3149,3525,3613,3619,4554,4969,5706,5762,6490,6569,6664,6834,6903,7011,7349,7372,7457,8047,9045,9177,9635,9841,10685,10691,11461
56,83,128,133,379,489,531,611,636,697,711,743,757,808,828,914,922,933,954,968,976,1006,1007,1031,1066,1084,1087,1126,1161,1171,1181,1187,1231,1241,1401,1434,1440,1545,1569,1584,1597,1643,1667,1718,1769,1882,1897,1917,1972,2102,2189,2258,2308,2339,2376,2398,2454,2497,2559,2581,2624,2666,2709,2716,2728,2884,2921,2933,3087,3114,3237,3254,3303,3345,3417,3433,3595,3880,3891,4073,4081,4113,4122,4185,4228,4322,4341,4374,4609,4743,4823,4901,4906,4910,4940,4982,5004,5017,5042,5141,5183,5214,5227,5253,5481,5495,5529,5683,5821,5856,5894,5937,5980,5984,5985,5991,6092,6100,6101,6112,6247,6263,6342,6362,6369,6395,6431,6504,6529,6571,6621,6639,6644,6668,6676,6677,6716,6732,6741,6783,6800,6846,6872,6875,6900,6902,7078,7109,7117,7123,7133,7138,7276,7307,7357,7386,7568,7642,7693,7866,7903,7909,7950,8067,8092,8094,8103,8116,8130,8153,8218,8296,8308,8313,8347,8441,8510,8559,8584,8594,8642,8658,8670,8835,8873,8889,8937,8971,8988,9050,9053,9081,9117,9215,9266,9365,9389,9399,9541,9545,9551,9567,9572,9642,9645,9649,9700,9714,9762,9773,9791,9809,9811,9868,9989,10007,10173,10175,10187,10262,10380,10381,10421,10430,10468,10542,10588,10596,10772,10785,10840,10845,10923,10937,11070,11075,11219,11327,11349,11355,11471,11509,11513,11546,11568,11601,11605,11793,11798,11800,11862,11896,11936
308,415,452,619,1000,1450,1509,1707,2011,2105,2279,2407,2590,2710,2876,2887,3199,3322,3332,3409,3905,3976,4143,4184,4296,4499,4522,4535,4974,5144,5237,5262,5319,5436,5767,5789,6075,6184,6267,6324,6347,6414,6604,6773,6792,7617,7718,7749,7830,7972,7985,8599,8611,8742,8846,8861,9248,9414,9621,9640,9914,10015,10146,10357,10509,10725,11140
15,170,206,256,293,570,604,1151,1355,1441,1447,1463,1507,1591,1867,2091,2220,2448,2548,2551,2608,2934,3006,3493,3703,3704,3791,3885,3904,3948,4071,4077,4105,4148,4203,4381,4396,4582,4800,4805,4816,4919,4931,5081,5184,5234,5302,5312,5374,5507,5552,5563,5907,6388,6477,6533,6561,6568,6601,6632,7046,7174,7201,7279,7509,7528,7671,7885,7902,7987,8327,8419,8701,8717,8724,8776,8848,9039,9106,9130,9195,9419,9785,9871,9925,10178,10308,10405,10418,10546,10705,10730,10956,11262,11344,11424,11647,11680,11710
45,91,121,204,268,334,523,800,875,1111,1133,1177,1238,1249,1287,1327,1347,1352,1426,1627,1647,1671,1680,1711,1740,2121,2211,2261,2411,2542,2609,2621,2633,2665,2679,2763,2832,2916,2932,2948,3019,3327,3418,3454,3541,3695,3748,3867,3969,3971,3988,4020,4126,4239,4338,4466,4519,4540,4544,4631,4905,4971,4977,5032,5046,5104,5273,5304,5358,5441,5450,5459,5586,5606,5612,5648,5653,5872,5957,6090,6212,6348,6424,6505,6591,6647,6717,6719,6816,6829,7074,7162,7170,7195,7224,7348,7371,7436,7647,7721,7809,7879,7880,7888,7907,8045,8054,8134,8178,8198,8240,8432,8444,8519,8576,8643,8704,8710,8759,9163,9181,9357,9424,9589,9701,9825,9961,10044,10102,10156,10215,10227,10234,10272,10352,10404,10666,10669,10795,10831,10920,10954,10990,11018,11193,11280,11295,11301,11359,11385,11411,11538,11561,11660,11738,11753,11900,11933,11949
8,396,446,476,506,610,676,1072,1137,1145,1157,1329,1350,1403,1693,1815,1874,1937,2073,2108,2144,2271,2521,2554,2752,2894,2954,3020,3056,3079,3102,3134,3162,3191,3367,3831,3935,4000,4031,4190,4318,4737,4774,4858,5328,5362,5447,5520,5596,5646,5705,5832,5906,5982,6111,6196,6225,6272,6572,6637,6643,6646,6726,6812,6973,7033,7037,7042,7483,7678,7743,7828,7839,7942,8017,8111,8316,8368,8425,8558,8740,8812,8843,9542,9569,9583,9751,9874,9980,10055,10075,10487,10662,10758,11069,11289,11395,11414,11564,11621,11814,11846
42,349,425,505,561,1079,1221,1246,1251,1276,1877,1910,2119,2165,2514,2533,2781,2825,2827,2886,2909,3026,3233,3269,3290,3338,3339,3355,3426,3448,3557,3607,4017,4313,4620,4661,4711,4721,4821,4934,5054,5063,5116,5130,5195,5724,5754,6396,6609,6620,6772,6814,6860,6994,7176,7202,7399,7441,7447,7598,7674,7688,7706,7800,8002,8089,8149,8150,8342,8654,8727,9068,9118,9124,9166,9216,9493,9759,9763,9769,10073,10177,10193,10247,10398,10500,10620,10638,10707,10746,10829,10892,11074,11094,11119,11636
230,370,419,420,541,1060,1182,1419,1465,1566,1607,1898,2003,2110,2127,2268,2387,2428,2501,2758,2785,2879,2924,2952,3024,3441,3647,3732,3974,4098,4208,4224,4562,4672,4697,4889,5133,5528,5687,5692,5711,5714,5725,5833,5840,5849,5865,5992,5994,6002,6202,6390,6406,6407,6478,6757,7091,7147,7155,7251,7256,7327,7496,7667,7752,7871,7886,8343,8346,8403,8454,8501,8716,8768,8855,8947,9096,9463,9570,9706,9833,9860,10008,10255,10334,10976,11171,11181,11198,11260,11285,11308,11368,11540,11787,11946
5,39,53,69,306,313,492,638,684,797,803,904,909,1045,1127,1148,1175,1233,1314,1325,1360,1405,1448,1542,1714,1825,1892,2086,2450,2465,2526,2817,2844,2891,2923,3036,3067,3081,3159,3291,3411,3478,3519,3520,3522,3686,3718,3940,3947,3952,4001,4065,4173,4212,4348,4494,4504,4566,4640,4690,4752,4764,4779,4784,4842,4869,4886,5125,5134,5342,5388,5420,5483,5496,5508,5523,5619,5634,5686,5718,5743,5932,5956,6019,6060,6177,6226,6254,6282,6290,6294,6327,6461,6566,6581,6674,6759,7010,7258,7518,7661,7944,7953,8035,8058,8324,8334,8361,8369,8381,8452,8494,8669,8715,8827,9058,9146,9186,9261,9353,9417,9538,9597,9690,9853,9903,10016,10069,10072,10129,10288,10503,10559,10722,10847,10849,10941,11033,11560,11562,11599,11694,11804,11836,11840
164,234,282,320,397,407,482,522,543,581,616,645,734,744,793,843,855,860,892,1247,1369,1375,1415,1514,1522,1533,1559,1593,1650,1864,1884,1963,2072,2173,2202,2241,2327,2336,2374,2413,2462,2498,2527,2575,2595,2634,2776,2845,2880,2925,2985,3004,3062,3262,3265,3293,3375,3589,3654,3802,3820,3942,4180,4261,4315,4358,4422,4478,4874,5056,5118,5145,5169,5170,5180,5203,5219,5296,5317,5322,5330,5331,5333,5446,5466,5525,5599,5607,5629,5667,5720,5733,5866,5935,6066,6113,6157,6245,6248,6270,6283,6479,6494,6518,6539,6582,6585,6710,6843,6864,6878,6915,7044,7070,7146,7148,7226,7255,7266,7273,7284,7305,7320,7324,7329,7397,7431,7517,7529,7620,7680,7757,7787,7887,8060,8138,8190,8217,8241,8259,8280,8367,8427,8445,8451,8463,8534,8573,8619,8758,8928,8953,9007,9056,9120,9237,9241,9299,9366,9489,9494,9502,9534,9540,9664,9738,9757,9817,9867,9992,10049,10066,10250,10315,10451,10462,10470,10490,10504,10597,10998,11005,11077,11079,11142,11166,11238,11240,11294,11342,11407,11450,11510,11530,11547,11582,11631,11638,11642,11719,11815,11891,11941
65,214,244,266,340,364,411,453,511,520,567,664,672,765,780,826,876,949,995,1022,1043,1109,1215,1515,1557,1649,1672,1833,1863,2028,2042,2044,2065,2118,2198,2206,2221,2318,2382,2528,2635,2643,2693,2737,2770,2999,3021,3085,3156,3164,3173,3253,3377,3387,3388,3422,3543,3552,3580,3593,3603,3606,3623,3663,3720,3737,3761,3764,4041,4078,4100,4276,4288,4301,4328,4387,4436,4460,4471,4599,4635,4674,4759,4839,4944,4979,5024,5072,5174,5176,5208,5224,5310,5336,5397,5452,5490,5503,5535,5654,5678,5689,5691,5765,5783,5803,5842,5861,5896,5995,6064,6076,6197,6232,6314,6337,6343,6419,6467,6548,6615,6679,6695,6745,6929,7083,7097,7104,7211,7434,7524,7646,7761,7770,7821,7878,7948,8083,8097,8114,8118,8189,8192,8211,8230,8352,8363,8370,8396,8414,8449,8483,8556,8635,8690,8709,8781,8932,9002,9067,9148,9233,9311,9381,9507,9546,9783,9796,9895,9915,9987,10006,10098,10195,10249,10252,10264,10269,10294,10301,10382,10403,10428,10519,10572,10607,10632,10673,10684,10714,10728,10784,10789,10839,10931,11071,11097,11124,11196,11290,11299,11323,11352,11381,11412,11418,11683,11706,11777,11819,11855
49,67,166,187,200,258,355,867,953,970,1129,1208,1344,1444,1506,1573,1599,1608,1784,1821,1853,1914,1956,1997,2098,2142,2284,2295,2344,2426,2430,2436,2541,2704,2727,2744,2805,2914,2957,2992,3071,3142,3275,3640,4101,4110,4186,4252,4282,4356,4367,4608,4761,4811,4819,4899,4952,5012,5025,5241,5408,5412,5593,5708,5761,5897,5927,6055,6166,6293,6560,6593,6629,6765,6924,6952,7031,7132,7321,7331,7454,7632,7926,7929,7945,7957,8135,8194,8203,8266,8281,8282,8330,8462,8489,8541,8578,8595,8686,8808,8831,8839,8919,8926,8961,9029,9103,9145,9212,9331,9351,9394,9413,9415,9605,9634,9691,9732,9993,10054,10092,10132,10232,10277,10351,10416,10477,10494,10533,10550,10612,10639,10796,10968,11035,11045,11053,11057,11105,11224,11378,11427,11429,11731
63,70,78,94,140,149,283,350,373,374,414,462,463,487,501,577,583,665,671,750,778,792,844,885,890,957,1164,1167,1179,1312,1365,1387,1395,1433,1492,1523,1530,1617,1619,1632,1729,1753,1810,1818,1857,1968,1973,2023,2049,2076,2122,2172,2193,2208,2248,2251,2283,2437,2519,2592,2631,2690,2806,2810,2818,2851,2852,2899,2939,2950,3028,3038,3043,3070,3083,3147,3234,3242,3283,3312,3365,3386,3396,3416,3484,3497,3499,3518,3535,3655,3707,3786,3789,3799,3805,3837,3842,3850,3902,3914,3934,4047,4070,4102,4142,4192,4196,4202,4204,4258,4259,4264,4289,4393,4394,4446,4495,4524,4568,4570,4571,4576,4598,4669,4704,4727,4728,4730,4732,4740,4762,4808,4815,4834,4849,4898,4985,4993,5030,5257,5271,5290,5327,5353,5370,5389,5395,5419,5440,5480,5494,5664,5769,5785,5851,5873,5966,5993,6160,6186,6325,6345,6384,6435,6439,6455,6497,6525,6565,6573,6633,6709,6780,6863,6911,6953,6978,7009,7054,7055,7165,7296,7333,7380,7428,7482,7569,7602,7624,7722,7807,7865,7923,7959,7993,8104,8117,8127,8245,8256,8274,8300,8303,8350,8380,8497,8533,8542,8585,8656,8673,8683,8754,8782,8809,8860,8890,8897,8927,8944,9004,9150,9202,9231,9279,9433,9455,9498,9523,9526,9562,9581,9596,9772,9857,9873,9875,9912,9990,10019,10045,10078,10088,10097,10149,10225,10246,10257,10293,10316,10350,10444,10446,10476,10492,10535,10661,10675,10721,10850,10864,10925,10966,10987,10999,11034,11067,11090,11108,11169,11170,11206,11353,11469,11477,11478,11651,11655,11685,11715,11734,11736,11806,11842,11877,11921,11951
2,10,44,141,215,261,288,290,291,339,358,444,493,530,648,719,756,761,802,863,966,991,1013,1168,1184,1202,1207,1232,1297,1366,1435,1437,1651,1686,1699,1703,1726,1746,1755,1768,1809,1924,1935,2075,2252,2300,2311,2320,2329,2350,2400,2463,2464,2628,2660,2681,2685,2751,2847,2854,2956,3076,3077,3088,3116,3132,3168,3314,3636,3685,3771,3832,3868,3875,3990,4046,4104,4121,4136,4137,4229,4268,4448,4546,4560,4665,4667,4685,4717,4769,4814,4846,4925,4996,5006,5113,5148,5202,5215,5261,5282,5292,5354,5405,5551,5622,5644,5728,5794,5847,6034,6048,6074,6154,6167,6255,6278,6371,6423,6465,6502,6544,6596,6650,6657,6754,6967,6975,7075,7149,7220,7254,7271,7292,7406,7440,7500,7607,7676,7853,7958,8133,8206,8325,8360,8438,8478,8503,8509,8588,8641,8696,8791,9026,9027,9064,9108,9254,9330,9336,9430,9432,9449,9477,9532,9591,9665,9677,9715,9716,9722,9752,9823,9839,9858,9978,9997,10027,10089,10121,10133,10150,10165,10168,10174,10230,10287,10362,10475,10577,10581,10676,10686,10719,10726,10767,10773,10779,10802,10818,10852,10876,10943,11008,11009,11128,11157,11188,11247,11249,11283,11337,11505,11549,11690,11735,11751,11756,11763,11808,11852
47,137,174,181,235,450,597,695,787,810,842,887,896,996,1203,1236,1342,1393,1511,1685,1720,1738,1741,1823,1927,2090,2133,2312,2447,2734,2759,3005,3065,3181,3249,3684,3888,3917,4016,4503,4514,4682,4794,4818,4838,4930,5050,5139,5402,5675,5888,5961,6044,6103,6137,6209,6313,6693,6797,7363,7703,8026,8037,8186,8428,8532,8753,8788,8817,8878,8915,8955,9040,9129,9228,9232,9275,9320,9447,9487,9712,9746,9828,9880,9953,10035,10154,10180,10353,10473,10913,10916,11093,11135,11330,11346,11554,11675,11698,11773,11784,11795,11845
52,79,139,185,209,423,637,905,1335,1791,1890,1954,2063,2085,2109,2219,2244,2301,2431,2493,2529,2563,2870,2967,3074,3131,3150,3495,3586,3803,4026,4152,4270,4390,4686,4781,4813,4939,5061,5163,5225,5325,5472,5744,5810,5904,6039,6104,6201,6265,6380,6493,6775,6993,6996,7118,7335,7377,7479,7538,7966,8098,8227,8446,8833,8900,8972,9065,9091,9114,9834,9888,9896,10099,10239,10332,10359,10641,11339,11487,11555,11684,11809,11883
456,753,831,879,1422,1624,2184,3180,3239,3472,3787,4694,4785,5013,5540,6053,6179,6623,6715,7053,7356,8235,8870,9259,9294,9577,9801,10084,10259,10384,10984,11827,11905,11906
148,168,176,217,218,221,231,257,260,264,341,391,443,465,474,484,539,688,767,785,821,918,930,977,979,1015,1078,1093,1124,1195,1205,1210,1269,1283,1303,1341,1364,1390,1424,1432,1504,1527,1595,1601,1648,1670,1705,1727,1761,1778,1901,1965,1970,2033,2036,2037,2083,2097,2153,2275,2286,2381,2386,2460,2479,2539,2638,2656,2683,2729,2740,2750,2837,2881,2942,2986,3007,3041,3042,3121,3128,3140,3184,3185,3212,3281,3299,3337,3371,3392,3410,3458,3465,3482,3516,3542,3592,3628,3656,3693,3700,3756,3765,3781,3796,3878,3901,3967,3977,4013,4022,4030,4084,4093,4262,4265,4314,4323,4334,4342,4382,4435,4476,4481,4533,4590,4621,4630,4649,4678,4695,4755,4767,4848,4888,4891,4922,4947,4972,4975,4978,4990,4997,5021,5096,5098,5100,5211,5221,5232,5238,5277,5343,5349,5376,5443,5471,5521,5542,5547,5649,5702,5739,5778,5881,5912,5946,6020,6065,6067,6122,6140,6193,6309,6350,6392,6393,6411,6422,6430,6454,6486,6520,6524,6535,6613,6685,6694,6701,6801,6802,6835,6951,6959,6971,6979,7050,7064,7086,7093,7223,7228,7233,7259,7350,7470,7523,7532,7539,7648,7756,7808,7834,7837,7863,7868,7876,7905,7911,7949,7954,7956,7971,8012,8041,8082,8101,8123,8148,8213,8216,8228,8261,8305,8385,8429,8464,8492,8530,8581,8598,8620,8637,8665,8703,8747,8752,8799,8807,8818,8824,8847,8866,8874,8894,8903,8946,8956,8968,9020,9042,9052,9290,9306,9337,9359,9403,9465,9482,9531,9554,9584,9707,9711,9726,9764,9777,9830,9851,9852,9921,9923,9964,9983,10021,10029,10036,10042,10109,10137,10151,10159,10163,10176,10221,10222,10260,10303,10320,10363,10406,10411,10511,10520,10585,10625,10718,10754,10781,10788,10799,10834,10841,10919,10973,10988,11055,11080,11082,11130,11131,11195,11204,11211,11222,11242,11243,11259,11287,11333,11350,11391,11445,11448,11518,11519,11533,11570,11584,11597,11617,11640,11727,11768,11769,11779,11886,11887
18,20,23,38,57,120,145,183,199,236,342,459,491,514,564,585,707,724,742,811,911,989,998,1321,1339,1358,1385,1396,1411,1431,1478,1485,1708,1749,1949,1960,2111,2288,2324,2389,2390,2444,2476,2508,2573,2644,2682,2793,2874,2936,2998,3089,3167,3203,3224,3274,3282,3300,3364,3451,3461,3515,3549,3559,3563,3568,3570,3578,3596,3669,3679,3740,3769,3968,4034,4035,4085,4423,4530,4625,4806,4924,5068,5189,5199,5247,5249,5260,5306,5340,5487,5506,5546,5615,5676,5827,5926,5953,5954,6024,6150,6159,6220,6352,6377,6403,6404,6517,6598,6756,6795,6803,6916,6926,6976,7105,7191,7317,7376,7400,7419,7459,7516,7608,7626,7677,7838,7862,7891,7982,7995,8107,8208,8283,8306,8332,8415,8439,8453,8482,8544,8609,8728,8790,8793,8806,8891,9072,9175,9317,9386,9456,9536,9590,9659,9692,9786,9837,9876,9893,9991,10048,10131,10210,10253,10343,10365,10392,10455,10474,10493,10507,10647,10655,10694,10733,10833,10893,10992,11013,11036,11098,11117,11225,11227,11302,11317,11362,11364,11435,11486,11559,11730,11748,11781,11790,11812,11821
159,180,485,1243,1268,1285,1552,1576,1598,1633,1728,1777,1805,1883,1936,1992,1996,2055,2057,2060,2236,2507,2560,2566,2705,3098,3123,3248,3250,3342,3643,3949,4092,4150,4174,4269,4351,4406,4510,4541,4921,4950,5137,5235,5369,5379,5409,5445,5467,5713,5749,5996,6115,6268,6328,6472,6619,6656,6892,7013,7085,7334,7503,7874,8365,8443,8516,8555,8606,8738,8762,8794,9066,9087,9301,9529,9654,9728,9901,10094,10374,10440,10543,10827,10900,11043,11268,11366,11433,11585,11724
