44,70,122,125,161,186,187,268,346,425,480,489,521,558,635,705,842,849,936,1017,1185,1200,1309,1319,1336,1375,1400,1403,1404,1460,1565,1614,1621,1790,1898,1942,2004,2106,2146,2178,2266,2310,2470,2475,2552,2564,2656,2667,2748,2766,2874,2939,2962,2990,3012,3024,3156,3340,3378,3454,3735,3773,3978,3998,4019,4158,4168,4345,4391,4461,4467,4504,4566,4611,4635,4736,4930,5063,5132,5247,5366,5530,5540,5582,5630,5682,5702,5871,5917,6174,6183,6358,6424,6457,6725,6730,6762,6818,6844,7023,7055,7060,7153,7234,7256,7273,7459,7528,7558,7577,7587,7702,7706,7876,8020,8053,8145,8200,8279,8318,8510,8624,8684,8786,8873,8931,9084,9267,9387,9448,9544,9601,9642,9694,9773,9805,9969,10019,10029,10117,10137,10172,10184,10207
21,133,147,149,164,166,194,289,348,374,423,445,459,477,537,559,591,598,609,644,713,737,743,762,768,797,853,933,975,1042,1057,1080,1112,1115,1159,1193,1199,1206,1243,1262,1337,1382,1401,1440,1452,1510,1580,1586,1597,1622,1637,1678,1682,1709,1724,1804,1835,1841,1882,1883,1897,1903,1928,1971,1989,2013,2042,2121,2134,2168,2300,2343,2392,2417,2445,2479,2602,2606,2628,2639,2651,2655,2659,2700,2708,2719,2782,2795,2796,2810,2825,2944,2998,3013,3025,3043,3048,3084,3101,3123,3126,3127,3173,3199,3202,3307,3311,3358,3434,3516,3616,3679,3693,3741,3767,3799,3804,4000,4093,4163,4175,4231,4269,4309,4386,4425,4447,4520,4528,4532,4535,4561,4612,4643,4658,4702,4719,4742,4799,4851,4975,5006,5023,5119,5120,5203,5209,5248,5273,5285,5286,5325,5413,5426,5441,5525,5532,5534,5556,5569,5621,5696,5836,5863,5878,5923,5984,6069,6267,6282,6349,6357,6397,6428,6454,6519,6523,6575,6601,6619,6641,6643,6680,6681,6705,6709,6715,6752,6766,6772,6775,6778,6795,6838,6855,6932,6946,6972,6994,7001,7008,7032,7184,7195,7235,7312,7319,7398,7439,7441,7504,7516,7557,7562,7624,7743,7763,7783,7795,7827,7845,7866,7869,7943,7952,7996,7997,8008,8047,8052,8182,8187,8258,8337,8360,8376,8450,8537,8562,8636,8661,8689,8693,8709,8718,8761,8787,8798,8799,8819,8831,8860,8863,8982,9022,9031,9047,9065,9090,9098,9221,9386,9396,9403,9416,9472,9493,9589,9594,9605,9634,9657,9689,9849,9941,10022,10032,10081,10130,10149,10176,10245,10263,10281,10303
37,50,85,95,96,175,232,317,337,399,463,612,629,634,657,659,786,816,872,919,1267,1322,1407,1485,1606,1607,1694,1704,1707,1713,1715,1793,1801,1842,1964,2100,2223,2278,2288,2321,2368,2474,2538,2642,2677,2730,2755,2887,2928,2947,2960,2997,3226,3325,3444,3448,3633,3677,3684,3701,3761,3847,3850,3907,3933,3971,4043,4059,4080,4108,4193,4226,4251,4283,4451,4471,4489,4494,4605,4614,4617,4714,4864,4884,4939,4949,4979,5086,5172,5287,5348,5401,5502,5554,5600,5615,5685,5741,5779,5796,5841,5924,5933,5950,5999,6002,6024,6037,6056,6175,6202,6206,6314,6333,6352,6363,6409,6458,6461,6550,6576,6581,6604,6660,6711,6776,6786,6862,6863,6961,7058,7142,7214,7224,7318,7344,7396,7415,7527,7568,7586,7590,7596,7602,7648,7674,7687,7701,7715,7726,7737,7840,7841,7884,7890,7914,7977,8031,8197,8267,8313,8389,8392,8468,8497,8514,8538,8539,8556,8581,8637,8656,8721,8745,8802,8843,8993,9008,9021,9104,9121,9275,9285,9334,9390,9445,9501,9530,9604,9637,9683,9702,9791,9833,9869,9885,9888,9953,10121
40,64,79,116,144,172,307,345,362,409,416,435,493,540,686,689,724,783,800,851,855,885,910,950,972,1035,1053,1056,1068,1073,1121,1135,1142,1195,1221,1282,1284,1290,1372,1396,1398,1502,1524,1538,1620,1625,1649,1653,1716,1735,1782,1789,1832,1857,1869,1881,1886,1893,1911,1968,1994,2061,2130,2147,2154,2182,2214,2219,2256,2301,2303,2311,2407,2408,2457,2493,2510,2523,2620,2721,2753,2769,2804,2881,2897,2901,2908,2952,3004,3020,3022,3034,3036,3041,3055,3102,3119,3141,3371,3409,3424,3486,3492,3558,3563,3566,3666,3676,3698,3739,3768,3772,3781,3865,3872,3902,3904,3911,3940,3981,4002,4083,4088,4099,4103,4148,4154,4171,4172,4178,4180,4191,4225,4236,4286,4347,4424,4455,4479,4517,4653,4659,4746,4776,4793,4829,4852,4887,4932,4968,4973,5014,5035,5039,5054,5061,5129,5198,5242,5256,5271,5272,5284,5385,5411,5473,5504,5538,5566,5594,5602,5626,5628,5664,5806,5931,5993,6007,6048,6111,6112,6121,6151,6205,6235,6243,6249,6271,6274,6310,6369,6453,6460,6522,6589,6618,6658,6679,6783,6784,6787,6809,6948,6954,6975,6985,6996,7010,7089,7100,7158,7205,7238,7261,7300,7350,7359,7378,7385,7412,7454,7457,7462,7468,7485,7486,7506,7510,7594,7607,7640,7692,7707,7710,7729,7753,7785,7803,7816,7829,7834,7902,7930,7985,8017,8056,8064,8151,8160,8181,8232,8254,8261,8264,8284,8316,8377,8412,8416,8504,8604,8610,8615,8627,8631,8676,8677,8720,8797,8810,8839,8871,8879,8924,8936,9037,9078,9106,9111,9114,9136,9137,9233,9242,9249,9320,9328,9382,9401,9431,9543,9665,9676,9767,9792,9826,9836,9880,9897,9922,10003,10021,10026,10112,10166,10235
66,131,168,189,287,304,385,401,430,431,457,532,547,562,568,603,632,636,752,777,819,922,937,961,987,1044,1149,1160,1230,1296,1320,1334,1339,1379,1450,1636,1722,1800,1876,1906,2011,2019,2032,2131,2190,2253,2254,2265,2295,2412,2476,2514,2526,2618,2683,2709,2767,2884,2974,3000,3021,3062,3120,3134,3161,3169,3227,3365,3385,3555,3571,3593,3618,3685,3724,3726,3791,3976,3985,4081,4131,4149,4194,4234,4260,4271,4291,4303,4453,4465,4676,4847,4948,5003,5056,5276,5294,5319,5361,5383,5467,5470,5472,5519,5759,5776,5873,5926,5981,6034,6286,6289,6324,6383,6586,6620,6718,6908,6977,7036,7063,7087,7301,7401,7482,7685,7761,7857,7933,8062,8077,8105,8580,8663,8694,8741,8774,9088,9175,9193,9260,9286,9295,9341,9355,9566,9573,9755,9760,9783,9810,9832,9935,10111,10128,10169,10209,10260,10262
115,126,142,155,251,285,448,505,581,747,888,905,1023,1069,1100,1119,1130,1207,1239,1314,1356,1381,1451,1479,1481,1566,1661,1670,1731,1763,1802,1917,1953,1997,2030,2038,2118,2165,2183,2356,2378,2563,2670,2770,2853,2891,3005,3054,3059,3116,3125,3148,3187,3249,3283,3329,3397,3407,3416,3459,3478,3493,3595,3638,3654,3750,3858,3929,3930,3932,3937,3966,4011,4086,4306,4367,4371,4408,4500,4548,4588,4590,4632,4706,4767,4773,4798,4815,4957,4982,5134,5187,5189,5263,5266,5297,5452,5607,5646,5662,5727,5742,5811,5879,5947,6074,6093,6195,6203,6204,6211,6232,6262,6463,6464,6469,6491,6592,6617,6671,6701,6788,6878,7053,7062,7076,7088,7132,7136,7137,7306,7314,7326,7551,7604,7657,7727,7740,7767,7838,7893,7969,8049,8102,8123,8137,8154,8175,8228,8234,8343,8356,8365,8394,8413,8464,8722,8729,8730,8733,8823,8838,8869,8872,8909,8918,8939,8940,8955,8961,8965,8990,9072,9083,9129,9176,9200,9246,9277,9300,9343,9349,9415,9473,9575,9599,9615,9677,9705,9730,9759,9765,9771,9847,10049,10105,10143,10167,10175,10214,10226,10247,10289,10299
19,33,39,57,58,98,100,113,169,211,242,247,248,254,259,355,356,357,367,396,441,450,490,496,554,563,600,621,626,639,645,711,741,750,760,790,841,884,921,924,969,1022,1029,1048,1139,1153,1208,1237,1270,1295,1312,1359,1376,1435,1436,1469,1498,1520,1630,1688,1701,1733,1738,1779,1791,1826,1827,1833,1871,1979,1982,1998,2041,2068,2080,2085,2086,2094,2122,2135,2150,2169,2172,2198,2241,2287,2304,2306,2308,2436,2448,2456,2469,2495,2497,2499,2529,2556,2581,2596,2650,2662,2685,2718,2720,2751,2758,2792,2822,2867,2893,2918,2953,2970,2971,3011,3016,3033,3044,3063,3072,3094,3143,3144,3203,3296,3331,3335,3353,3425,3461,3475,3508,3529,3557,3576,3579,3586,3641,3667,3668,3700,3725,3733,3762,3782,3810,3814,3874,3887,3905,3992,3999,4008,4066,4068,4076,4159,4201,4289,4354,4373,4416,4422,4426,4430,4431,4457,4571,4634,4649,4660,4693,4695,4717,4731,4806,4807,4808,4853,4860,4873,4885,4926,4936,5011,5029,5047,5070,5112,5149,5157,5163,5207,5210,5221,5223,5244,5315,5338,5387,5418,5456,5459,5468,5495,5507,5531,5633,5666,5701,5754,5761,5775,5784,5809,5852,5896,5914,5945,5966,5991,6006,6029,6036,6117,6141,6144,6180,6218,6237,6250,6278,6292,6309,6318,6321,6341,6437,6475,6480,6484,6494,6539,6623,6648,6652,6657,6686,6724,6894,6902,6904,6922,6925,6927,6956,6963,6968,6998,7019,7020,7029,7056,7127,7140,7210,7223,7269,7277,7329,7437,7455,7472,7532,7566,7570,7571,7588,7627,7675,7721,7723,7724,7780,7821,7862,7867,7868,7896,7953,8055,8071,8098,8163,8171,8177,8218,8222,8260,8269,8292,8349,8355,8397,8407,8477,8479,8489,8533,8551,8575,8585,8595,8683,8716,8725,8749,8830,8885,8891,8938,8956,8973,9009,9057,9077,9102,9120,9132,9139,9161,9163,9180,9184,9187,9198,9213,9239,9256,9272,9303,9305,9347,9358,9361,9365,9373,9381,9441,9452,9485,9489,9503,9547,9612,9680,9698,9809,9812,9851,9913,9930,9952,9966,9971,10030,10085,10145,10156,10170,10219,10228,10252,10297
230,310,320,393,585,678,838,907,908,912,956,1079,1096,1212,1629,1770,2033,2103,2142,2267,2297,2413,2754,2854,2972,2973,3018,3108,3164,3257,3423,3544,3742,3790,3793,3824,4145,4152,4174,4279,4285,4293,4352,4460,4584,4686,4769,4836,4890,4896,4908,4965,4983,5099,5115,5178,5347,5407,5627,5647,5773,5830,5940,5941,5998,6082,6118,6192,6223,6692,6836,7156,7229,7514,7518,7617,7622,7634,7874,7972,7979,8006,8063,8065,8449,8547,8569,8614,8640,8754,8813,8859,8895,8952,9048,9080,9094,9107,9126,9484,9581,9595,9708,9874,9980,9992,10205,10307
53,103,176,212,235,316,440,456,509,605,631,646,677,691,771,789,856,916,1012,1028,1062,1083,1155,1224,1232,1286,1305,1330,1340,1449,1461,1477,1516,1534,1545,1568,1572,1662,1761,1863,1865,2066,2143,2159,2194,2218,2226,2358,2422,2466,2500,2504,2531,2572,2745,2833,2896,2946,3010,3411,3430,3449,3450,3457,3484,3495,3497,3504,3520,3588,3625,3682,3688,3694,3743,3863,3965,4009,4054,4057,4072,4106,4139,4196,4312,4442,4620,4639,4712,4716,4750,4803,4817,4819,4841,4861,4889,4901,5176,5321,5332,5526,5537,5553,5834,5891,5898,6022,6159,6194,6210,6283,6353,6452,6518,6650,6696,6728,6746,6781,6794,6868,6881,6971,6981,7068,7095,7174,7257,7291,7353,7390,7433,7444,7529,7591,7613,7628,7661,7771,7801,7807,7861,7872,7901,7941,8029,8082,8125,8192,8211,8229,8239,8242,8289,8290,8352,8362,8382,8456,8522,8598,8686,8775,8788,8794,8829,8849,8878,8917,8975,8981,9002,9012,9085,9093,9155,9206,9302,9316,9339,9363,9443,9453,9499,9559,9607,9668,9669,9681,9774,9876,9943,9945,9995,10114,10168,10185
12,13,74,101,121,124,204,214,236,249,256,334,342,349,358,384,404,498,560,561,583,638,647,708,765,810,835,840,887,917,926,948,954,1001,1032,1086,1161,1176,1225,1226,1366,1425,1443,1454,1523,1528,1532,1587,1645,1681,1684,1727,1736,1739,1771,1797,1923,1956,1980,1995,2005,2025,2037,2067,2120,2192,2236,2263,2352,2375,2395,2427,2442,2485,2508,2599,2643,2693,2701,2717,2732,2756,2875,2894,2933,2961,2996,3058,3070,3078,3080,3096,3098,3111,3162,3189,3198,3204,3215,3216,3238,3383,3390,3404,3439,3452,3482,3499,3513,3523,3532,3549,3552,3598,3600,3640,3651,3695,3809,3830,3831,3852,3880,3888,3927,4049,4070,4091,4122,4128,4164,4187,4208,4211,4218,4238,4240,4301,4308,4311,4316,4318,4357,4390,4405,4533,4582,4591,4595,4683,4688,4691,4708,4734,4970,4974,4987,5017,5044,5093,5116,5143,5166,5168,5171,5175,5180,5185,5199,5228,5363,5434,5438,5455,5474,5480,5491,5586,5612,5622,5649,5692,5694,5721,5861,5922,5937,5969,5990,6012,6021,6054,6068,6073,6106,6119,6122,6142,6149,6220,6244,6287,6299,6336,6347,6435,6438,6439,6445,6449,6474,6521,6546,6551,6622,6642,6653,6697,6699,6755,6769,6791,6803,6806,6837,6842,6853,6870,6900,6921,6926,6938,6953,6993,7041,7042,7119,7131,7178,7250,7274,7285,7307,7355,7367,7397,7421,7442,7458,7534,7549,7554,7603,7646,7651,7653,7670,7679,7689,7693,7718,7745,7815,7817,7828,7975,8087,8101,8110,8128,8134,8168,8189,8253,8270,8277,8294,8325,8350,8421,8458,8549,8576,8589,8590,8650,8698,8701,8731,8766,8828,8836,8889,8904,8908,8932,8960,8969,8994,9089,9191,9202,9253,9266,9293,9309,9350,9351,9388,9412,9439,9447,9569,9593,9685,9712,9721,9758,9761,9766,9795,9801,9820,9828,9854,9866,9904,9917,9939,9946,9958,9963,9982,10014,10134,10173,10200,10231,10280,10282,10292,10300,10301
18,265,499,567,628,650,673,782,845,1020,1091,1178,1424,1794,1824,1900,1955,2180,2220,2431,2449,2594,2750,2863,2873,2904,2926,2935,3092,3309,3391,3491,3537,3890,3908,3973,4521,4623,4699,4700,4802,5260,5292,5304,5512,5803,6046,6392,6444,6608,6677,7082,7190,7216,7500,7848,7870,7993,8255,8282,8398,8446,8526,8635,8708,8735,8809,9128,9406,9545,9700,9919,10016,10043
11,26,32,35,59,71,87,94,183,203,223,225,239,279,282,286,296,298,311,315,324,325,413,429,460,469,484,486,501,510,514,526,542,584,588,593,597,620,641,652,660,688,700,719,730,758,780,793,817,820,828,903,931,941,984,995,1018,1026,1043,1055,1061,1067,1070,1101,1107,1114,1138,1148,1223,1228,1258,1269,1298,1301,1310,1358,1363,1393,1411,1418,1421,1431,1448,1463,1471,1533,1553,1562,1581,1588,1598,1623,1634,1655,1659,1683,1687,1697,1781,1814,1815,1837,1838,1847,1849,1860,1861,1878,1885,1892,1936,1981,1983,1985,1988,2017,2027,2028,2057,2059,2088,2095,2112,2125,2129,2138,2141,2148,2163,2202,2233,2240,2251,2262,2268,2275,2276,2284,2289,2291,2338,2344,2362,2364,2365,2367,2390,2391,2393,2400,2402,2415,2429,2435,2439,2447,2459,2471,2473,2525,2527,2528,2530,2539,2542,2558,2560,2574,2575,2585,2589,2603,2609,2630,2631,2638,2663,2698,2722,2736,2742,2757,2773,2776,2779,2784,2830,2927,2989,3001,3032,3061,3165,3175,3180,3208,3255,3263,3289,3299,3308,3316,3323,3341,3361,3432,3438,3446,3470,3473,3517,3534,3542,3560,3572,3589,3602,3613,3614,3639,3661,3671,3674,3683,3704,3712,3719,3729,3757,3787,3797,3812,3820,3862,3954,3964,3970,3972,3990,3994,4013,4021,4034,4046,4050,4061,4071,4101,4104,4112,4125,4136,4173,4182,4200,4205,4207,4212,4246,4247,4277,4331,4387,4388,4399,4437,4439,4476,4477,4491,4503,4506,4523,4526,4529,4546,4552,4554,4564,4573,4575,4629,4640,4664,4743,4744,4753,4768,4814,4821,4822,4828,4846,4869,4891,4897,4899,4914,4921,4925,4934,4951,4954,5000,5020,5041,5046,5053,5075,5082,5102,5118,5146,5153,5217,5235,5298,5311,5340,5341,5342,5350,5356,5374,5382,5395,5402,5405,5415,5437,5450,5457,5471,5477,5481,5487,5489,5524,5546,5568,5579,5585,5639,5648,5695,5726,5740,5748,5750,5764,5787,5813,5821,5837,5847,5865,5866,5876,5893,5913,5921,5927,5939,5944,5951,5962,6016,6041,6044,6061,6081,6088,6109,6124,6131,6136,6137,6216,6225,6242,6316,6327,6339,6345,6364,6366,6395,6402,6416,6448,6450,6529,6534,6552,6563,6574,6594,6609,6612,6684,6688,6691,6710,6747,6749,6761,6796,6822,6825,6832,6841,6847,6866,6885,6887,6892,6896,6898,6913,6924,6962,6965,6976,7012,7037,7070,7105,7111,7114,7120,7134,7163,7171,7198,7212,7233,7248,7279,7286,7294,7296,7356,7361,7368,7372,7373,7411,7417,7473,7474,7483,7507,7519,7521,7531,7539,7540,7542,7559,7569,7580,7606,7630,7660,7678,7691,7703,7766,7791,7798,7825,7911,7915,7935,7936,7949,7955,7970,7974,7986,7992,8002,8014,8038,8091,8103,8117,8146,8157,8180,8191,8199,8220,8224,8240,8288,8317,8322,8364,8379,8388,8406,8419,8425,8433,8451,8454,8469,8485,8508,8530,8545,8546,8553,8593,8594,8596,8599,8602,8613,8634,8639,8641,8651,8657,8668,8681,8691,8696,8743,8769,8771,8808,8868,8896,8901,8912,8922,8923,8943,8944,8986,9015,9026,9032,9073,9100,9116,9177,9195,9220,9224,9240,9243,9254,9294,9297,9308,9318,9329,9345,9357,9364,9376,9384,9385,9398,9459,9480,9482,9515,9525,9576,9577,9580,9583,9613,9641,9644,9647,9679,9699,9742,9749,9815,9862,9884,9892,9921,9957,9965,9984,9991,9994,10002,10006,10028,10067,10077,10088,10116,10118,10146,10183,10215,10217,10246,10267,10275,10296
129,698,785,843,881,1063,1111,1235,1238,1374,1416,1537,2487,2818,2828,2839,2849,3366,3770,3788,3939,4132,4217,4483,4648,4670,4865,5015,5289,5369,5503,5650,5668,6071,6140,6185,6548,6659,6672,6888,7228,7325,7601,7682,7900,7925,8045,8391,8845,8949,9086,9101,9326,9356,9450,9656,9782,9894,9923
8,24,69,118,132,150,487,572,592,729,788,942,967,981,992,1046,1050,1082,1216,1293,1318,1351,1504,1506,1536,1548,1660,1700,1721,1745,1848,2107,2181,2272,2277,2328,2370,2545,2566,2678,2681,3190,3197,3253,3270,3276,3336,3428,3441,3635,3650,3691,3771,3789,3931,3993,3995,4020,4037,4138,4344,4365,4372,4609,4644,4655,4978,5078,5161,5191,5279,5370,5573,5709,5711,5729,5808,5858,5890,5911,6163,6167,6234,6371,6420,6430,6440,6501,6644,6654,6703,6727,6798,6851,6889,7094,7194,7211,7249,7328,7422,7443,7478,7524,7611,7615,7654,7683,7863,7894,7942,8035,8068,8073,8130,8300,8437,8482,8492,8544,8552,8566,8620,8665,8925,9036,9203,9411,9457,9797,9872,9887,9895,9911,9970,10083,10115,10257,10295
243,424,446,453,475,513,518,606,825,909,1066,1097,1144,1211,1222,1420,1488,1854,1924,2072,2491,2541,2800,2943,3067,3313,3352,3405,3565,3573,3627,3807,3829,3839,4045,4055,4114,4123,4216,4261,4275,4592,4684,4703,4740,4786,4792,4893,4995,5007,5181,5229,5290,5299,5587,5670,5733,5938,6003,6053,6086,6170,6322,6338,6566,6590,6678,6683,6685,6768,6816,6906,7298,7327,7333,7384,7403,7492,7673,7714,7762,7784,7812,8111,8144,8225,8296,8309,8520,8571,8603,8951,9279,9331,9352,9526,9531,9546,9807,9853,9949,10039,10048,10100,10122
3,20,27,49,68,112,163,173,178,196,216,217,228,266,292,318,350,372,388,415,451,470,471,483,488,494,502,524,543,544,617,654,662,683,690,694,697,759,784,867,870,871,913,932,1039,1051,1084,1093,1103,1104,1117,1131,1156,1181,1297,1311,1317,1355,1365,1371,1378,1388,1428,1464,1466,1495,1509,1517,1539,1556,1564,1613,1679,1692,1696,1717,1732,1750,1764,1787,1839,1888,1905,1909,1952,1959,1966,1970,1991,1996,2055,2076,2097,2127,2155,2158,2197,2211,2245,2259,2261,2305,2309,2324,2385,2426,2432,2461,2467,2477,2511,2536,2554,2591,2605,2648,2676,2697,2705,2723,2741,2743,2752,2760,2794,2802,2805,2850,2851,2861,2921,2985,2986,3014,3029,3035,3090,3112,3117,3130,3138,3160,3163,3183,3191,3205,3250,3254,3271,3338,3345,3356,3395,3410,3417,3419,3464,3477,3620,3621,3632,3643,3669,3687,3760,3798,3815,3817,3879,3884,3899,3906,3947,3955,4030,4031,4052,4060,4077,4087,4126,4146,4185,4190,4229,4250,4273,4300,4336,4348,4366,4375,4443,4444,4450,4468,4485,4490,4556,4565,4600,4608,4631,4685,4701,4763,4764,4765,4789,4857,4898,4916,4977,4989,4994,5018,5072,5098,5114,5128,5141,5159,5204,5205,5232,5324,5329,5352,5359,5381,5431,5460,5479,5501,5536,5550,5561,5562,5595,5625,5643,5672,5676,5691,5700,5706,5753,5768,5801,5845,5848,5872,5885,5912,5935,5986,5988,5989,6092,6098,6145,6148,6198,6227,6239,6259,6290,6302,6303,6320,6355,6368,6379,6387,6389,6414,6432,6433,6481,6507,6512,6562,6587,6690,6693,6702,6754,6779,6826,6829,6848,6857,6905,6907,6917,6930,6933,6986,7002,7026,7027,7030,7034,7049,7106,7107,7110,7151,7160,7161,7175,7203,7290,7292,7313,7317,7330,7341,7349,7464,7501,7503,7505,7555,7564,7573,7600,7642,7652,7684,7700,7705,7734,7741,7757,7799,7806,7810,7822,7843,7873,7882,7999,8022,8051,8066,8107,8155,8166,8190,8203,8210,8226,8244,8263,8287,8341,8354,8395,8396,8404,8414,8424,8430,8438,8467,8475,8496,8503,8541,8559,8616,8628,8646,8659,8675,8723,8742,8748,8750,8779,8815,8852,8867,8941,8953,8962,8974,8976,8987,8988,9024,9042,9067,9134,9165,9228,9255,9287,9312,9391,9400,9413,9437,9505,9514,9518,9528,9587,9614,9645,9658,9664,9678,9690,9706,9757,9808,9811,9830,9857,9882,9900,9938,10011,10020,10034,10050,10082,10099,10139,10195,10211,10230,10248,10276,10291
23,140,146,153,180,281,402,527,546,681,706,710,811,864,938,970,1302,1500,1569,1676,1742,1749,1788,1899,2201,2274,2293,2387,2411,2489,2595,2689,2725,2798,2832,2882,2912,3049,3170,3260,3369,3420,3431,3496,3697,3759,3784,3860,4084,4169,4272,4305,4329,4334,4361,4421,4692,4737,4770,4804,4843,4888,4900,5016,5124,5243,5328,5404,5464,5590,5656,5790,5838,5875,5895,5987,6045,6107,6226,6288,6326,6404,6418,6470,6487,6558,6561,6621,6694,6736,6856,7013,7145,7187,7342,7357,7537,7581,7662,7666,7712,7787,7836,7885,7912,7919,7926,8262,8369,8373,8435,8443,8491,8587,8618,8626,8648,8728,8739,8772,8785,8840,8847,8858,8911,9044,9056,9142,9154,9174,9247,9252,9262,9311,9327,9335,9527,9554,9666,9788,9822,9846,9858,10079,10094,10110,10120,10148,10171,10237,10243
0,47,90,157,198,199,207,215,227,253,359,380,394,407,418,422,473,481,551,589,604,736,749,757,833,854,869,879,889,971,991,993,1003,1010,1027,1030,1038,1092,1094,1146,1166,1168,1174,1197,1247,1300,1325,1327,1332,1346,1432,1455,1484,1494,1513,1530,1550,1554,1570,1573,1578,1592,1593,1626,1631,1647,1672,1674,1708,1719,1751,1766,1769,1774,1812,1872,1918,1990,1993,2000,2001,2108,2115,2124,2139,2187,2206,2212,2237,2282,2332,2345,2360,2389,2399,2437,2438,2441,2498,2548,2579,2621,2623,2646,2666,2716,2729,2738,2768,2777,2807,2812,2827,2829,2834,2905,2978,2980,3027,3047,3093,3107,3132,3135,3139,3171,3192,3209,3223,3278,3293,3301,3310,3321,3343,3370,3396,3437,3447,3479,3518,3535,3550,3605,3607,3610,3612,3624,3628,3707,3722,3755,3785,3827,4016,4035,4107,4170,4186,4219,4220,4249,4256,4278,4287,4324,4342,4355,4398,4406,4414,4433,4475,4574,4593,4672,4678,4713,4720,4724,4729,4756,4766,4774,4787,4788,4872,4964,5022,5042,5068,5079,5083,5111,5117,5173,5192,5222,5246,5267,5362,5400,5408,5423,5451,5476,5490,5511,5518,5528,5541,5570,5588,5608,5610,5635,5637,5652,5675,5725,5737,5738,5743,5794,5797,5824,5839,5844,5963,5992,6001,6008,6028,6049,6052,6076,6105,6108,6146,6169,6233,6253,6276,6300,6312,6342,6396,6407,6410,6434,6471,6476,6503,6504,6508,6537,6540,6555,6577,6605,6633,6695,6737,6771,6827,6845,6846,6859,6874,6882,6891,6919,6947,6982,7009,7025,7033,7044,7052,7115,7116,7138,7159,7204,7225,7271,7293,7295,7308,7340,7374,7430,7431,7440,7447,7460,7489,7491,7512,7544,7635,7638,7664,7716,7751,7752,7769,7820,7824,7889,7891,7927,7944,7990,7995,8004,8024,8025,8034,8048,8054,8083,8088,8089,8090,8138,8156,8161,8164,8165,8170,8178,8241,8278,8334,8346,8358,8427,8555,8564,8606,8652,8658,8688,8717,8732,8768,8781,8877,8916,8926,9005,9033,9040,9045,9103,9118,9122,9140,9149,9166,9179,9207,9232,9278,9322,9336,9354,9379,9421,9456,9462,9474,9517,9519,9560,9561,9572,9602,9603,9606,9646,9654,9659,9701,9719,9747,9769,9840,9855,9860,9877,9883,9898,9915,9925,9990,9996,10008,10009,10017,10024,10051,10057,10133,10135,10136,10151,10162,10193,10212,10229,10250,10255,10266,10272,10274
340,756,836,858,1040,1140,1377,1493,1582,1711,1760,1873,2010,2023,2051,2069,2089,2292,2312,2348,2363,2454,2657,2840,2900,3322,3507,3629,3670,3709,3979,4023,4038,4089,4243,4412,4427,4434,4445,4654,4675,4726,4780,4856,4910,5179,5230,5353,5442,5535,5710,5851,5899,6020,6125,6265,6323,6365,6473,6646,6731,7471,7525,7833,8041,8328,8495,8499,8588,8714,8906,8930,9019,9027,9235,9307,9725,9951,10095,10287,10294
34,432,468,519,529,533,573,611,727,735,791,859,880,890,901,927,973,985,1064,1089,1105,1116,1118,1128,1172,1187,1192,1194,1236,1240,1268,1287,1306,1338,1353,1360,1368,1430,1515,1535,1609,1775,1834,1856,1987,2021,2102,2167,2191,2279,2285,2346,2349,2398,2425,2505,2520,2593,2653,2692,2728,2801,2951,2981,3136,3181,3349,3373,3376,3382,3468,3636,3877,3959,3986,3996,4041,4079,4094,4142,4222,4254,4274,4302,4313,4333,4351,4356,4362,4487,4615,4645,4663,4674,4775,4827,4837,4909,4945,5025,5026,5028,5040,5150,5154,5234,5264,5268,5373,5419,5421,5500,5515,5620,5642,5667,5732,5774,5778,5795,5860,5906,5997,6058,6114,6127,6150,6181,6222,6279,6294,6377,6386,6455,6599,6615,6635,6687,6720,6742,6751,6767,6793,6872,6955,7000,7035,7091,7135,7166,7188,7267,7364,7381,7418,7435,7589,7637,7668,7696,7738,7749,7786,7813,7905,7958,8126,8193,8275,8315,8434,8685,8699,8740,8759,8854,9135,9169,9219,9274,9289,9372,9383,9468,9490,9597,9639,9806,9909,9914,10074,10220,10283,10286,10293
54,145,234,472,726,1021,1058,1198,1280,1457,1765,1843,1851,1855,2193,2452,2482,2502,2624,2817,2865,3272,3433,3622,3678,3806,4143,4192,4346,4449,4484,4805,4835,5131,5184,5293,5462,5564,5699,6011,6466,7011,7086,7200,7407,7493,7585,7665,7782,7804,7903,7920,8119,8213,8695,8702,8763,9157,9269,9337,9375,9399,9410,9425,9617,9779,10189,10253
1,2,4,5,6,7,10,15,16,17,22,25,28,30,31,36,38,41,42,43,45,46,48,51,52,55,56,60,62,63,65,67,72,73,75,76,77,78,80,81,82,83,84,86,88,89,91,92,93,97,99,102,104,105,107,108,109,110,111,114,117,119,120,123,127,128,130,134,135,136,137,138,139,141,143,148,151,152,154,156,158,159,160,162,165,167,170,171,174,177,179,181,182,184,185,188,190,191,192,193,197,200,201,202,205,206,209,210,213,218,219,221,222,224,226,229,231,233,237,238,240,241,244,245,246,250,252,255,257,258,260,261,262,263,264,267,269,270,271,272,273,274,275,276,277,278,280,283,284,288,290,291,293,294,295,297,299,300,301,302,303,305,306,308,309,312,313,319,321,322,326,327,328,329,330,331,332,333,335,336,338,339,341,343,344,347,351,352,353,354,360,361,363,364,365,366,368,369,370,371,373,375,376,378,379,381,382,383,386,389,390,391,392,395,397,398,400,403,405,406,408,410,411,412,414,417,419,420,421,427,428,433,434,436,437,438,442,443,444,447,449,452,454,455,458,461,462,464,465,466,467,474,476,478,479,482,485,491,492,495,497,500,503,504,506,508,511,512,515,516,517,520,522,523,525,528,530,531,534,535,536,538,539,541,545,548,549,550,552,553,555,556,557,564,565,566,569,570,571,574,575,576,577,578,579,580,582,586,587,590,595,596,599,601,602,607,608,610,613,614,615,616,618,619,622,623,624,625,627,630,633,637,640,642,643,648,649,651,653,655,656,658,661,663,664,665,666,667,668,669,670,671,672,674,675,676,679,680,682,684,685,687,692,693,695,696,699,701,702,703,704,707,709,712,714,715,716,717,718,720,721,722,723,725,728,731,732,733,734,738,739,740,742,744,745,746,748,751,754,755,761,763,764,766,767,769,770,772,773,774,775,776,778,779,781,787,792,794,795,796,798,799,801,802,803,804,805,806,807,809,812,813,814,818,821,822,824,826,827,829,830,831,832,834,837,839,844,846,847,848,850,852,857,860,861,862,863,865,866,868,873,874,875,876,877,878,882,883,886,891,892,893,894,895,896,897,898,899,900,902,904,906,911,914,915,918,920,923,925,928,929,930,934,935,939,940,943,944,945,946,947,949,951,952,953,955,957,958,959,960,962,963,964,965,966,968,974,976,977,978,979,980,982,983,986,988,989,990,994,997,998,999,1000,1002,1004,1005,1007,1008,1009,1011,1013,1014,1015,1016,1019,1024,1031,1034,1036,1037,1041,1045,1047,1049,1052,1054,1060,1065,1071,1072,1074,1075,1076,1077,1078,1081,1085,1087,1088,1090,1095,1098,1099,1102,1106,1108,1109,1110,1113,1120,1123,1124,1125,1126,1127,1129,1132,1133,1134,1136,1137,1141,1143,1145,1147,1150,1151,1154,1157,1158,1162,1163,1164,1165,1169,1170,1171,1173,1175,1177,1179,1180,1182,1183,1184,1186,1188,1189,1190,1196,1201,1202,1203,1204,1205,1209,1210,1213,1214,1215,1217,1218,1219,1220,1227,1229,1231,1233,1234,1241,1242,1244,1245,1246,1248,1249,1250,1251,1252,1253,1254,1255,1256,1257,1259,1260,1261,1263,1264,1265,1266,1271,1272,1273,1274,1275,1276,1277,1278,1279,1281,1283,1285,1288,1289,1291,1292,1294,1299,1303,1304,1307,1308,1313,1315,1316,1321,1323,1324,1326,1328,1329,1331,1333,1335,1341,1342,1343,1344,1345,1347,1348,1349,1350,1352,1354,1357,1361,1362,1364,1367,1369,1370,1373,1383,1384,1385,1386,1387,1389,1390,1391,1392,1394,1395,1397,1399,1402,1405,1406,1408,1409,1410,1412,1413,1414,1415,1417,1419,1422,1423,1426,1427,1429,1433,1434,1437,1438,1439,1441,1442,1444,1445,1446,1453,1458,1459,1462,1465,1467,1470,1472,1473,1474,1475,1476,1478,1480,1482,1483,1486,1489,1490,1491,1492,1496,1497,1499,1501,1507,1508,1511,1512,1514,1518,1519,1521,1522,1525,1526,1527,1529,1531,1540,1541,1542,1543,1544,1546,1547,1549,1551,1552,1555,1557,1558,1559,1560,1561,1563,1567,1571,1574,1575,1576,1577,1579,1583,1585,1589,1590,1591,1594,1595,1596,1599,1600,1601,1602,1603,1604,1605,1608,1611,1612,1615,1616,1617,1618,1619,1624,1627,1628,1632,1633,1635,1638,1639,1640,1641,1642,1643,1644,1646,1648,1650,1651,1652,1654,1656,1657,1663,1664,1665,1666,1667,1668,1669,1671,1673,1675,1677,1680,1685,1689,1690,1691,1693,1695,1698,1699,1702,1703,1705,1706,1710,1712,1714,1718,1720,1723,1725,1728,1729,1730,1734,1737,1740,1741,1743,1744,1746,1747,1748,1752,1753,1754,1755,1756,1757,1758,1759,1762,1767,1768,1772,1773,1776,1777,1780,1783,1784,1785,1786,1792,1795,1796,1798,1799,1803,1805,1806,1807,1808,1809,1810,1811,1813,1816,1817,1818,1819,1820,1821,1822,1823,1825,1828,1829,1830,1831,1836,1840,1844,1845,1846,1850,1852,1853,1858,1859,1862,1864,1866,1867,1868,1870,1874,1875,1877,1879,1880,1884,1887,1889,1890,1891,1894,1895,1896,1901,1902,1904,1907,1908,1910,1912,1913,1914,1915,1916,1919,1920,1921,1925,1926,1927,1929,1930,1931,1932,1933,1934,1935,1938,1939,1940,1941,1943,1944,1945,1946,1947,1948,1949,1950,1951,1954,1957,1958,1960,1961,1962,1963,1965,1967,1969,1972,1973,1974,1975,1976,1977,1978,1984,1992,1999,2002,2003,2006,2007,2008,2009,2012,2014,2015,2016,2018,2020,2022,2024,2026,2029,2031,2034,2035,2036,2043,2044,2045,2046,2047,2048,2049,2050,2052,2053,2054,2056,2058,2060,2062,2063,2064,2065,2070,2071,2073,2074,2075,2077,2078,2079,2081,2082,2083,2084,2087,2090,2091,2093,2096,2098,2099,2101,2104,2105,2109,2110,2111,2113,2114,2116,2117,2119,2123,2126,2128,2132,2133,2136,2137,2140,2144,2145,2149,2151,2152,2153,2156,2157,2160,2161,2164,2166,2170,2171,2173,2174,2175,2176,2177,2179,2184,2185,2186,2188,2189,2195,2196,2199,2200,2203,2204,2205,2208,2209,2210,2213,2215,2216,2217,2221,2222,2224,2225,2227,2228,2229,2230,2231,2232,2234,2235,2238,2239,2242,2243,2244,2246,2247,2248,2249,2250,2252,2255,2257,2258,2260,2264,2270,2271,2273,2280,2281,2283,2286,2290,2294,2296,2298,2299,2302,2307,2313,2314,2315,2317,2318,2319,2320,2322,2323,2325,2326,2327,2329,2330,2331,2333,2334,2335,2336,2337,2339,2340,2341,2342,2347,2350,2351,2353,2354,2355,2357,2361,2366,2369,2371,2372,2373,2374,2377,2379,2380,2381,2382,2383,2384,2386,2388,2394,2396,2397,2401,2403,2404,2405,2406,2409,2410,2414,2416,2418,2419,2420,2421,2423,2424,2428,2433,2434,2440,2443,2444,2446,2450,2451,2453,2455,2458,2460,2462,2463,2464,2468,2472,2478,2480,2481,2483,2484,2486,2488,2490,2492,2494,2496,2501,2503,2507,2509,2512,2513,2515,2516,2517,2518,2519,2521,2522,2524,2532,2533,2534,2535,2537,2540,2543,2544,2546,2547,2549,2550,2551,2553,2555,2557,2559,2561,2562,2565,2567,2568,2569,2570,2571,2573,2576,2577,2578,2580,2582,2583,2584,2586,2587,2588,2590,2592,2597,2598,2600,2601,2604,2607,2608,2610,2612,2613,2614,2615,2616,2617,2619,2622,2625,2626,2627,2629,2632,2633,2634,2636,2637,2640,2641,2644,2645,2647,2649,2652,2654,2658,2660,2661,2664,2665,2668,2669,2671,2672,2673,2674,2675,2679,2680,2682,2684,2686,2687,2688,2690,2691,2694,2695,2696,2699,2702,2703,2704,2706,2707,2710,2711,2712,2713,2715,2724,2726,2727,2731,2733,2734,2735,2737,2739,2740,2744,2746,2747,2749,2759,2761,2762,2763,2764,2765,2771,2772,2774,2775,2778,2780,2781,2783,2785,2787,2788,2789,2790,2791,2793,2797,2799,2803,2806,2808,2809,2811,2813,2814,2815,2816,2819,2820,2821,2823,2824,2826,2831,2835,2836,2837,2838,2841,2842,2843,2844,2845,2846,2847,2848,2852,2855,2856,2857,2858,2859,2860,2862,2864,2866,2868,2869,2870,2871,2872,2876,2878,2879,2880,2883,2885,2886,2888,2889,2890,2892,2895,2898,2899,2902,2903,2906,2907,2909,2910,2911,2913,2914,2915,2916,2917,2919,2920,2922,2923,2924,2925,2929,2930,2931,2932,2934,2936,2937,2938,2940,2941,2942,2945,2948,2949,2950,2954,2955,2956,2957,2958,2959,2963,2964,2965,2966,2967,2968,2969,2975,2976,2977,2979,2983,2984,2987,2988,2991,2992,2993,2994,2995,2999,3002,3003,3006,3007,3008,3009,3015,3017,3019,3023,3026,3030,3031,3037,3038,3039,3040,3042,3045,3046,3050,3051,3052,3053,3057,3060,3064,3065,3066,3068,3069,3071,3073,3074,3075,3076,3077,3079,3081,3082,3083,3085,3086,3087,3088,3089,3091,3095,3099,3100,3103,3104,3105,3106,3109,3110,3113,3114,3115,3118,3121,3122,3124,3128,3129,3131,3133,3137,3140,3142,3145,3146,3147,3149,3150,3151,3152,3153,3154,3155,3157,3158,3159,3166,3167,3168,3174,3176,3177,3178,3179,3182,3184,3185,3186,3188,3193,3194,3195,3196,3200,3201,3206,3207,3210,3211,3212,3213,3214,3217,3218,3219,3220,3221,3222,3224,3225,3228,3229,3230,3231,3232,3233,3234,3235,3236,3237,3239,3240,3241,3242,3243,3244,3245,3246,3247,3248,3251,3252,3256,3258,3261,3262,3264,3265,3266,3267,3268,3269,3273,3274,3277,3279,3280,3281,3282,3284,3285,3286,3287,3288,3290,3291,3292,3294,3295,3297,3298,3300,3302,3303,3304,3305,3306,3312,3314,3315,3317,3318,3319,3320,3324,3327,3328,3330,3332,3334,3339,3342,3344,3346,3347,3348,3350,3351,3354,3355,3357,3359,3360,3362,3363,3364,3367,3368,3372,3374,3375,3377,3379,3380,3381,3384,3386,3387,3388,3389,3392,3393,3394,3398,3399,3400,3401,3402,3403,3406,3408,3412,3413,3414,3415,3418,3421,3422,3426,3427,3429,3435,3436,3440,3442,3443,3451,3453,3455,3456,3458,3460,3462,3463,3465,3466,3467,3469,3471,3472,3474,3476,3480,3481,3483,3485,3487,3488,3489,3490,3494,3498,3500,3501,3502,3503,3505,3506,3510,3511,3512,3514,3515,3519,3521,3522,3524,3525,3526,3527,3528,3530,3531,3533,3538,3539,3540,3541,3543,3545,3546,3547,3548,3551,3553,3554,3556,3559,3561,3562,3564,3567,3568,3569,3570,3574,3575,3577,3578,3580,3581,3582,3583,3584,3585,3587,3591,3594,3596,3597,3599,3601,3603,3604,3606,3608,3609,3611,3615,3617,3619,3623,3626,3630,3631,3634,3637,3642,3644,3645,3646,3647,3648,3649,3652,3653,3655,3656,3657,3658,3659,3660,3662,3663,3664,3665,3672,3673,3675,3680,3681,3686,3689,3690,3692,3696,3699,3702,3703,3705,3706,3708,3710,3711,3713,3714,3715,3716,3717,3718,3720,3721,3723,3727,3730,3731,3732,3734,3736,3737,3738,3746,3747,3748,3749,3752,3753,3754,3756,3758,3763,3764,3765,3766,3769,3774,3775,3776,3777,3778,3779,3780,3783,3786,3792,3794,3795,3796,3800,3801,3802,3803,3805,3808,3813,3816,3818,3819,3821,3822,3823,3825,3826,3828,3832,3833,3834,3835,3836,3837,3838,3840,3841,3842,3843,3844,3845,3846,3848,3849,3851,3853,3854,3855,3856,3857,3859,3861,3864,3866,3867,3868,3869,3870,3871,3873,3875,3876,3878,3881,3882,3883,3885,3886,3889,3891,3892,3893,3894,3895,3896,3897,3898,3900,3901,3903,3909,3910,3912,3913,3914,3915,3916,3917,3918,3919,3920,3921,3922,3923,3924,3925,3926,3928,3934,3935,3936,3941,3942,3943,3944,3945,3946,3948,3949,3950,3951,3952,3953,3957,3958,3960,3961,3962,3963,3967,3968,3974,3975,3977,3980,3982,3983,3984,3987,3988,3989,3991,3997,4001,4003,4004,4005,4006,4007,4010,4012,4014,4015,4017,4018,4022,4024,4025,4026,4027,4028,4029,4033,4036,4039,4040,4042,4044,4047,4051,4053,4056,4058,4062,4063,4064,4065,4069,4073,4074,4075,4078,4082,4085,4090,4092,4095,4096,4097,4098,4100,4102,4105,4109,4110,4111,4113,4115,4116,4117,4118,4119,4120,4121,4124,4127,4129,4130,4133,4134,4135,4137,4140,4141,4144,4147,4150,4151,4153,4156,4157,4160,4161,4162,4165,4166,4167,4176,4177,4179,4181,4183,4184,4188,4189,4195,4197,4198,4199,4202,4203,4204,4206,4209,4210,4213,4214,4215,4221,4223,4224,4227,4228,4230,4233,4235,4237,4239,4241,4242,4244,4245,4248,4252,4253,4255,4257,4258,4259,4262,4263,4264,4265,4266,4267,4268,4270,4276,4280,4281,4282,4284,4288,4290,4292,4294,4295,4296,4297,4298,4299,4304,4307,4310,4315,4317,4319,4320,4321,4322,4323,4325,4326,4327,4328,4330,4332,4335,4337,4338,4340,4341,4343,4349,4350,4353,4358,4359,4360,4363,4364,4368,4369,4370,4374,4376,4377,4378,4379,4380,4381,4383,4384,4385,4389,4392,4393,4394,4395,4396,4397,4400,4401,4402,4403,4404,4407,4409,4410,4411,4413,4415,4417,4418,4419,4420,4423,4428,4432,4435,4436,4438,4440,4441,4446,4448,4452,4454,4456,4458,4459,4462,4463,4464,4466,4469,4470,4472,4473,4474,4478,4480,4481,4482,4486,4488,4492,4493,4495,4496,4497,4498,4499,4505,4507,4508,4509,4510,4511,4512,4513,4514,4515,4516,4518,4519,4522,4524,4525,4530,4531,4534,4536,4537,4538,4539,4540,4541,4542,4543,4544,4545,4547,4549,4550,4551,4553,4555,4557,4558,4559,4560,4562,4563,4567,4568,4569,4570,4572,4576,4577,4579,4580,4581,4583,4585,4586,4587,4589,4594,4596,4597,4598,4599,4601,4602,4603,4604,4606,4607,4610,4613,4616,4618,4619,4621,4622,4624,4625,4626,4627,4628,4630,4633,4636,4637,4638,4641,4642,4646,4647,4650,4651,4652,4656,4657,4661,4665,4666,4667,4668,4669,4671,4673,4677,4679,4680,4681,4682,4687,4689,4690,4694,4696,4697,4698,4704,4705,4707,4709,4710,4711,4715,4718,4721,4722,4723,4725,4727,4728,4730,4732,4733,4735,4738,4739,4741,4745,4747,4748,4749,4751,4752,4754,4755,4757,4758,4759,4760,4761,4762,4771,4772,4777,4778,4779,4781,4782,4783,4784,4785,4790,4791,4794,4795,4796,4797,4800,4801,4809,4810,4811,4812,4813,4816,4818,4820,4823,4824,4825,4826,4830,4831,4832,4833,4834,4838,4839,4840,4842,4844,4845,4848,4849,4850,4854,4855,4858,4859,4862,4863,4866,4867,4868,4870,4871,4874,4875,4876,4877,4878,4879,4880,4881,4882,4886,4892,4894,4895,4902,4903,4904,4905,4906,4907,4911,4912,4913,4915,4917,4918,4919,4920,4922,4923,4924,4927,4928,4929,4931,4933,4935,4937,4938,4940,4941,4942,4943,4944,4946,4947,4950,4952,4953,4955,4956,4958,4959,4960,4961,4962,4963,4966,4967,4969,4971,4972,4976,4980,4981,4984,4985,4986,4988,4990,4991,4992,4993,4996,4997,4998,4999,5001,5002,5004,5005,5008,5009,5010,5012,5013,5019,5024,5027,5030,5031,5032,5033,5034,5036,5037,5038,5043,5045,5048,5049,5050,5051,5052,5055,5057,5059,5060,5062,5064,5065,5066,5067,5069,5071,5073,5074,5076,5077,5080,5081,5084,5085,5088,5089,5090,5091,5092,5094,5095,5096,5097,5100,5101,5103,5104,5105,5106,5107,5109,5110,5113,5121,5122,5123,5125,5126,5127,5130,5133,5135,5136,5137,5138,5139,5140,5144,5145,5147,5148,5151,5152,5156,5158,5160,5162,5164,5165,5167,5169,5170,5174,5177,5182,5186,5188,5190,5193,5194,5195,5196,5197,5200,5201,5202,5206,5208,5211,5212,5213,5214,5215,5216,5218,5220,5224,5225,5226,5231,5233,5236,5237,5238,5239,5240,5241,5245,5249,5250,5251,5252,5253,5254,5255,5257,5258,5259,5261,5262,5265,5269,5270,5274,5275,5277,5278,5280,5281,5282,5283,5288,5291,5295,5296,5300,5301,5302,5303,5306,5307,5308,5309,5310,5312,5313,5314,5316,5317,5318,5320,5322,5323,5326,5327,5330,5331,5334,5335,5336,5337,5339,5343,5344,5345,5346,5349,5351,5354,5355,5357,5358,5360,5364,5365,5367,5368,5371,5372,5375,5376,5377,5378,5379,5380,5384,5386,5388,5389,5391,5392,5393,5394,5396,5397,5398,5399,5403,5406,5409,5410,5414,5416,5417,5420,5422,5424,5425,5427,5429,5430,5432,5433,5435,5436,5439,5440,5443,5444,5445,5446,5447,5448,5449,5453,5454,5458,5461,5463,5465,5466,5469,5475,5478,5483,5484,5485,5486,5488,5492,5493,5494,5496,5497,5498,5499,5505,5506,5509,5510,5513,5514,5516,5517,5520,5521,5522,5523,5527,5529,5533,5539,5542,5543,5544,5545,5547,5548,5549,5551,5552,5555,5557,5558,5559,5560,5563,5565,5567,5571,5572,5574,5575,5576,5577,5578,5580,5581,5583,5584,5589,5591,5592,5593,5596,5597,5598,5599,5601,5603,5604,5605,5606,5609,5611,5613,5614,5616,5617,5618,5619,5623,5624,5629,5631,5632,5634,5636,5638,5641,5644,5645,5651,5653,5654,5655,5658,5659,5660,5661,5663,5669,5671,5673,5674,5677,5678,5679,5680,5681,5683,5684,5686,5687,5688,5689,5690,5693,5697,5698,5703,5704,5705,5707,5708,5712,5713,5714,5715,5716,5717,5718,5719,5720,5722,5723,5724,5728,5730,5731,5736,5739,5744,5745,5746,5749,5751,5752,5755,5756,5757,5758,5760,5762,5763,5765,5766,5767,5769,5770,5771,5772,5777,5780,5781,5782,5783,5785,5786,5788,5789,5791,5792,5793,5798,5799,5800,5802,5804,5805,5807,5810,5812,5814,5815,5816,5817,5818,5819,5820,5822,5823,5826,5827,5828,5829,5831,5832,5833,5840,5842,5843,5846,5849,5850,5853,5854,5855,5856,5859,5862,5864,5868,5869,5870,5874,5877,5880,5881,5883,5884,5886,5887,5888,5889,5892,5894,5897,5900,5901,5902,5903,5904,5905,5907,5908,5910,5915,5916,5918,5919,5920,5925,5928,5929,5930,5932,5934,5936,5942,5943,5946,5948,5949,5952,5953,5954,5955,5956,5957,5958,5959,5960,5961,5964,5965,5968,5970,5971,5972,5973,5974,5975,5976,5977,5978,5979,5980,5982,5983,5985,5994,5995,5996,6000,6004,6005,6009,6013,6014,6015,6017,6018,6019,6023,6025,6026,6027,6030,6031,6032,6033,6035,6038,6039,6040,6042,6043,6047,6051,6055,6057,6059,6060,6062,6063,6064,6065,6066,6067,6070,6072,6075,6077,6079,6080,6083,6084,6085,6087,6089,6090,6091,6094,6095,6096,6099,6100,6101,6103,6104,6110,6113,6115,6116,6120,6123,6126,6128,6129,6130,6133,6134,6135,6138,6139,6143,6147,6152,6153,6154,6155,6156,6157,6158,6160,6161,6162,6164,6165,6166,6168,6171,6172,6173,6176,6177,6178,6179,6182,6184,6186,6187,6188,6190,6191,6193,6196,6197,6199,6200,6201,6207,6208,6209,6212,6213,6214,6215,6217,6219,6221,6224,6228,6229,6231,6236,6238,6240,6241,6245,6246,6247,6248,6251,6252,6254,6255,6256,6257,6258,6260,6261,6263,6264,6266,6268,6269,6270,6272,6273,6275,6277,6280,6284,6285,6291,6293,6295,6296,6297,6298,6301,6304,6305,6306,6307,6308,6311,6313,6317,6319,6325,6328,6329,6330,6331,6332,6334,6335,6337,6340,6343,6344,6346,6348,6350,6351,6354,6356,6359,6360,6361,6362,6367,6370,6372,6373,6374,6375,6376,6378,6380,6381,6382,6384,6385,6388,6390,6391,6393,6394,6398,6399,6400,6401,6403,6405,6406,6408,6411,6412,6413,6415,6417,6419,6421,6422,6425,6426,6427,6429,6431,6436,6441,6442,6443,6446,6447,6451,6459,6462,6465,6467,6468,6472,6477,6478,6479,6482,6483,6485,6486,6488,6489,6490,6492,6493,6495,6496,6497,6498,6499,6500,6502,6505,6506,6509,6510,6511,6513,6514,6515,6516,6517,6520,6524,6525,6526,6527,6528,6531,6532,6533,6535,6536,6538,6541,6542,6543,6544,6545,6547,6549,6553,6554,6556,6557,6559,6560,6564,6565,6567,6568,6569,6570,6571,6572,6573,6578,6579,6582,6583,6584,6585,6588,6591,6593,6596,6597,6598,6600,6602,6603,6606,6607,6610,6611,6613,6614,6616,6624,6625,6626,6627,6628,6629,6630,6631,6632,6634,6636,6637,6638,6639,6640,6645,6647,6649,6651,6655,6656,6661,6662,6663,6664,6665,6666,6667,6668,6669,6670,6673,6674,6675,6676,6682,6689,6698,6700,6704,6706,6707,6708,6712,6713,6714,6716,6717,6719,6721,6722,6723,6726,6729,6732,6733,6734,6735,6738,6739,6740,6741,6743,6744,6745,6748,6750,6753,6756,6757,6758,6759,6760,6763,6764,6765,6770,6773,6774,6777,6780,6782,6785,6789,6790,6792,6797,6799,6800,6801,6802,6804,6805,6807,6808,6810,6811,6812,6813,6814,6815,6817,6819,6820,6821,6823,6824,6828,6830,6831,6833,6834,6835,6839,6840,6843,6849,6850,6854,6860,6861,6864,6865,6867,6869,6871,6873,6875,6876,6877,6879,6883,6884,6886,6890,6893,6895,6897,6899,6901,6903,6909,6910,6911,6912,6914,6915,6916,6918,6920,6928,6929,6931,6934,6935,6936,6937,6939,6940,6941,6942,6943,6944,6945,6949,6950,6951,6952,6957,6958,6959,6960,6964,6966,6967,6969,6970,6973,6974,6978,6979,6980,6983,6984,6987,6988,6989,6990,6991,6992,6995,6997,6999,7003,7004,7005,7006,7007,7015,7016,7017,7018,7021,7022,7024,7028,7031,7038,7039,7040,7043,7045,7046,7047,7048,7050,7051,7054,7057,7059,7061,7064,7065,7066,7067,7069,7071,7072,7073,7074,7075,7077,7078,7079,7080,7081,7083,7084,7085,7090,7092,7093,7096,7097,7098,7099,7101,7102,7103,7104,7108,7109,7112,7113,7117,7118,7121,7122,7123,7124,7125,7126,7128,7129,7130,7133,7139,7141,7143,7144,7147,7148,7149,7150,7152,7154,7155,7157,7162,7164,7165,7167,7168,7169,7170,7172,7176,7177,7179,7180,7181,7182,7183,7185,7186,7189,7191,7192,7193,7196,7197,7199,7201,7202,7206,7207,7208,7209,7213,7215,7217,7218,7219,7220,7221,7222,7226,7230,7231,7232,7237,7239,7240,7241,7242,7243,7244,7245,7246,7247,7251,7252,7253,7254,7255,7258,7259,7260,7262,7263,7264,7265,7266,7268,7270,7272,7275,7276,7278,7280,7282,7283,7284,7287,7288,7289,7297,7299,7302,7303,7304,7305,7309,7310,7311,7315,7316,7320,7321,7322,7323,7324,7331,7332,7334,7335,7336,7337,7338,7339,7343,7345,7346,7347,7348,7351,7352,7354,7358,7360,7362,7363,7365,7366,7369,7370,7371,7375,7376,7377,7380,7383,7386,7387,7388,7389,7391,7392,7393,7394,7395,7399,7400,7402,7404,7405,7406,7408,7409,7410,7413,7414,7416,7419,7420,7423,7425,7426,7427,7428,7429,7432,7434,7436,7438,7445,7446,7448,7449,7450,7451,7452,7453,7456,7461,7463,7465,7466,7467,7469,7470,7475,7476,7477,7479,7480,7481,7484,7487,7488,7494,7495,7496,7497,7498,7499,7502,7508,7509,7511,7513,7515,7517,7520,7522,7523,7526,7530,7533,7535,7536,7538,7541,7543,7545,7546,7547,7548,7550,7552,7553,7556,7560,7561,7563,7567,7572,7574,7575,7576,7578,7579,7582,7583,7584,7592,7593,7595,7597,7598,7599,7605,7608,7609,7610,7612,7614,7616,7618,7619,7620,7621,7625,7626,7629,7631,7632,7633,7636,7639,7641,7643,7644,7645,7647,7649,7650,7655,7656,7658,7659,7663,7667,7669,7671,7672,7676,7677,7680,7681,7686,7688,7690,7694,7695,7699,7704,7708,7709,7711,7713,7717,7719,7720,7722,7725,7728,7730,7731,7732,7733,7735,7736,7739,7742,7744,7746,7747,7748,7750,7754,7755,7756,7758,7759,7760,7764,7765,7768,7770,7772,7773,7774,7775,7776,7777,7778,7779,7781,7788,7789,7790,7792,7793,7794,7796,7797,7800,7802,7805,7808,7809,7811,7814,7818,7819,7823,7826,7830,7831,7832,7835,7839,7842,7844,7846,7847,7849,7850,7851,7852,7853,7854,7855,7856,7858,7859,7860,7864,7865,7871,7875,7877,7878,7879,7880,7881,7883,7886,7887,7888,7892,7895,7898,7899,7904,7906,7907,7908,7909,7910,7913,7916,7917,7918,7921,7922,7923,7924,7928,7929,7931,7932,7934,7937,7938,7939,7940,7945,7946,7947,7948,7950,7951,7954,7956,7957,7959,7960,7961,7962,7963,7964,7965,7966,7967,7968,7971,7973,7976,7978,7980,7981,7982,7983,7984,7988,7989,7991,7994,7998,8000,8001,8003,8005,8007,8009,8010,8011,8012,8013,8016,8018,8019,8021,8023,8026,8027,8028,8030,8032,8033,8036,8037,8039,8040,8042,8044,8046,8057,8058,8059,8060,8061,8067,8069,8070,8072,8074,8075,8076,8078,8079,8080,8081,8084,8085,8086,8093,8094,8095,8096,8097,8099,8100,8104,8106,8108,8109,8112,8113,8114,8115,8116,8118,8120,8121,8122,8127,8129,8131,8132,8133,8135,8136,8139,8140,8141,8142,8143,8147,8148,8149,8150,8152,8153,8158,8159,8162,8167,8169,8172,8173,8174,8176,8179,8183,8184,8185,8186,8188,8194,8195,8196,8198,8201,8202,8204,8205,8206,8207,8208,8209,8212,8214,8215,8216,8217,8219,8221,8223,8227,8231,8233,8235,8236,8237,8238,8243,8245,8246,8247,8248,8249,8250,8251,8252,8256,8257,8259,8265,8266,8268,8272,8273,8274,8276,8280,8281,8283,8285,8286,8291,8293,8295,8297,8298,8299,8301,8302,8303,8304,8305,8306,8307,8308,8310,8311,8312,8314,8319,8320,8321,8323,8324,8326,8327,8330,8331,8333,8335,8336,8338,8339,8340,8342,8344,8345,8347,8348,8351,8353,8357,8359,8361,8363,8366,8367,8368,8370,8371,8372,8374,8375,8378,8380,8381,8383,8384,8385,8386,8387,8390,8393,8399,8400,8401,8402,8403,8405,8408,8409,8410,8411,8415,8417,8418,8420,8422,8423,8426,8428,8429,8432,8436,8439,8440,8441,8442,8444,8445,8447,8448,8452,8453,8455,8457,8459,8460,8461,8462,8463,8465,8466,8470,8471,8472,8474,8476,8480,8481,8483,8484,8486,8487,8488,8490,8493,8494,8498,8500,8501,8502,8505,8506,8507,8511,8512,8513,8515,8516,8517,8518,8519,8521,8523,8524,8525,8527,8528,8529,8531,8532,8534,8535,8536,8540,8542,8543,8548,8550,8554,8557,8558,8560,8561,8563,8565,8567,8568,8570,8572,8573,8574,8577,8578,8579,8582,8583,8584,8586,8591,8592,8597,8600,8601,8605,8607,8608,8609,8611,8612,8617,8619,8621,8622,8623,8625,8629,8630,8632,8633,8638,8642,8643,8644,8645,8647,8649,8653,8654,8655,8660,8662,8664,8666,8667,8669,8670,8672,8673,8674,8678,8679,8680,8682,8687,8690,8692,8697,8700,8703,8704,8705,8706,8707,8710,8711,8712,8713,8715,8719,8724,8726,8727,8734,8736,8737,8738,8744,8746,8747,8751,8752,8753,8755,8756,8757,8758,8760,8762,8764,8765,8767,8770,8773,8776,8777,8778,8780,8782,8783,8784,8789,8790,8791,8792,8793,8795,8796,8800,8803,8804,8805,8806,8807,8811,8812,8814,8816,8817,8818,8820,8821,8822,8824,8825,8826,8827,8832,8833,8834,8835,8837,8841,8842,8844,8846,8848,8850,8851,8853,8855,8856,8857,8861,8862,8864,8865,8866,8870,8874,8875,8876,8880,8881,8882,8883,8886,8887,8888,8890,8892,8893,8894,8897,8898,8899,8900,8902,8903,8905,8907,8910,8913,8914,8915,8919,8920,8921,8927,8928,8929,8933,8934,8935,8937,8942,8945,8946,8947,8948,8950,8954,8957,8958,8959,8963,8964,8966,8967,8968,8970,8971,8972,8978,8979,8980,8983,8984,8985,8989,8991,8992,8995,8996,8997,8998,8999,9000,9001,9003,9004,9006,9007,9010,9011,9013,9014,9016,9017,9018,9020,9023,9025,9028,9029,9030,9034,9035,9038,9039,9041,9043,9046,9049,9050,9051,9052,9053,9054,9055,9058,9059,9060,9061,9062,9063,9064,9066,9068,9069,9070,9071,9074,9075,9076,9079,9081,9082,9087,9091,9092,9095,9096,9097,9099,9105,9108,9109,9110,9112,9113,9115,9117,9119,9123,9124,9125,9127,9130,9131,9133,9138,9141,9143,9144,9145,9146,9147,9148,9150,9151,9152,9153,9156,9158,9159,9160,9162,9164,9167,9168,9170,9171,9172,9173,9178,9181,9182,9183,9185,9186,9188,9189,9190,9194,9196,9197,9199,9201,9204,9205,9208,9209,9210,9211,9212,9214,9215,9216,9218,9222,9223,9225,9226,9227,9229,9230,9231,9236,9237,9238,9241,9244,9245,9248,9250,9251,9257,9258,9259,9261,9263,9264,9265,9268,9270,9271,9273,9276,9280,9281,9282,9283,9284,9288,9290,9291,9292,9296,9298,9299,9301,9304,9306,9310,9313,9314,9315,9317,9319,9321,9323,9324,9325,9330,9332,9333,9338,9340,9342,9344,9346,9348,9353,9359,9360,9362,9366,9368,9369,9370,9371,9374,9378,9380,9389,9392,9393,9394,9395,9397,9402,9404,9405,9407,9408,9409,9414,9417,9418,9419,9420,9422,9423,9426,9427,9428,9429,9430,9432,9433,9434,9435,9436,9438,9440,9442,9444,9449,9451,9454,9455,9458,9460,9461,9463,9464,9465,9466,9467,9469,9470,9471,9475,9476,9477,9478,9479,9481,9483,9486,9487,9491,9492,9494,9495,9496,9497,9498,9500,9502,9504,9506,9507,9508,9509,9510,9511,9512,9513,9516,9520,9521,9522,9523,9524,9529,9532,9533,9534,9535,9536,9537,9538,9539,9540,9541,9542,9548,9549,9550,9551,9552,9553,9555,9556,9557,9558,9562,9563,9564,9565,9567,9568,9570,9571,9574,9578,9579,9582,9584,9585,9586,9588,9590,9591,9592,9596,9598,9600,9608,9609,9610,9611,9616,9618,9619,9620,9621,9622,9623,9624,9626,9627,9628,9629,9630,9631,9632,9633,9635,9636,9638,9640,9643,9648,9649,9650,9651,9652,9653,9655,9660,9661,9662,9663,9667,9670,9671,9672,9673,9674,9675,9682,9684,9686,9687,9688,9691,9692,9693,9696,9697,9703,9704,9707,9709,9710,9711,9713,9714,9715,9716,9717,9718,9720,9722,9723,9724,9726,9727,9728,9729,9731,9732,9733,9734,9735,9736,9737,9739,9741,9743,9744,9745,9746,9748,9751,9752,9753,9754,9756,9762,9763,9764,9768,9770,9772,9775,9776,9777,9778,9780,9781,9784,9785,9786,9787,9789,9790,9793,9794,9796,9799,9800,9802,9803,9804,9813,9814,9816,9817,9818,9819,9821,9823,9824,9825,9827,9829,9831,9834,9835,9837,9838,9839,9841,9842,9843,9844,9845,9848,9850,9852,9856,9859,9863,9864,9865,9867,9868,9870,9871,9873,9875,9878,9879,9881,9886,9889,9890,9891,9893,9896,9899,9901,9902,9903,9905,9906,9907,9908,9910,9912,9916,9918,9920,9924,9926,9927,9928,9929,9931,9932,9934,9936,9937,9940,9942,9944,9947,9948,9950,9955,9956,9959,9960,9961,9962,9964,9967,9968,9972,9973,9974,9975,9976,9977,9978,9979,9981,9983,9985,9986,9987,9989,9993,9997,9998,9999,10000,10001,10004,10005,10007,10010,10012,10013,10015,10018,10025,10027,10031,10033,10035,10036,10037,10038,10040,10041,10042,10045,10046,10047,10052,10053,10054,10055,10056,10058,10059,10060,10062,10063,10064,10065,10066,10068,10069,10070,10071,10072,10073,10075,10076,10078,10080,10084,10086,10087,10089,10090,10091,10092,10093,10096,10097,10098,10101,10102,10103,10104,10106,10108,10109,10113,10119,10123,10124,10125,10126,10127,10129,10131,10132,10138,10140,10141,10142,10144,10147,10150,10152,10153,10154,10155,10157,10158,10159,10161,10163,10164,10165,10174,10177,10178,10179,10180,10181,10182,10186,10187,10188,10190,10191,10192,10194,10196,10197,10198,10199,10202,10203,10204,10206,10208,10210,10213,10216,10218,10221,10222,10223,10224,10225,10227,10232,10233,10234,10236,10238,10239,10240,10241,10244,10249,10254,10256,10258,10259,10261,10264,10265,10268,10269,10270,10271,10273,10277,10278,10279,10284,10285,10288,10290,10298,10304,10305,10306
14,195,439,753,815,1025,1059,1122,1191,1487,1658,1922,1986,2040,2465,2506,2611,2635,3056,3275,3326,3337,3536,3590,4048,4883,5183,5412,5428,5482,5657,5835,6010,6050,6097,6189,6315,6456,6880,7146,7173,7236,7281,7565,7698,8015,8124,8271,8332,8431,8478,9367,9695,9740,9798,10061,10107
61,106,314,323,377,387,426,594,808,823,996,1167,1468,1505,1610,1726,1937,2039,2092,2162,2207,2269,2877,3172,3259,3445,3509,3592,3728,3744,3751,3938,4155,4232,4339,4382,4429,4501,4502,4662,5021,5058,5142,5219,5227,5333,5390,5508,5640,5734,5747,5857,5967,6102,6281,6580,6923,7382,7490,7623,7897,7987,8050,8092,8230,8509,9217,9234,9377,9424,9446,9738,9861,9954,9988,10023,10242,10251
9,29,208,220,507,1006,1033,1152,1380,1447,1456,1503,1584,1686,1778,2316,2359,2376,2430,2714,2786,2982,3028,3097,3333,3740,3745,3811,3956,3969,4032,4067,4314,4527,4578,5087,5108,5155,5305,5665,5735,5825,5867,5882,5909,6078,6132,6230,6423,6530,6595,6852,6858,7014,7227,7379,7424,7697,7837,8043,8329,8473,8671,8801,8884,8977,9192,9488,9625,9750,9933,10044,10160,10201,10302
