15,17,29,41,77,95,103,115,122,179,183,190,223,224,232,233,274,277,326,344,369,380,392,411,426,447,489,494,500,506,536,552,558,600,628,641,653,724,740,762,776,828,864,925,945,954,961,985,989,995,1017,1030,1040,1117,1129,1135,1164,1193,1208,1215,1238,1252,1272,1302,1326,1347,1370,1374,1375,1386,1404,1419,1456,1462,1463,1497,1525,1536,1562,1584,1586,1588,1601,1624,1633,1634,1649,1665,1685,1695,1715,1746,1755,1771,1790,1791,1796,1835,1888,1889,1950,1963,1970,2003,2026,2081,2095,2106,2142,2174,2196,2202,2224,2275,2290,2295,2305,2320,2334,2346,2356,2369,2378,2416,2439,2454,2462,2480,2511,2512,2525,2542,2552,2558,2559,2567,2574,2581,2620,2624,2681,2692,2710,2721,2731,2761,2770,2771,2777,2806,2810,2818,2819,2829,2830,2862,2869,2886,2896,2902,2930,2938,2956,2985,3004,3028,3048,3054,3078,3123,3133,3135,3149,3168,3174,3184,3194,3211,3231,3247,3267,3275,3286,3306,3310,3312,3324,3352,3353,3371,3403,3405,3414,3460,3465,3488,3529,3555,3562,3583,3588,3596,3599,3636,3671,3696,3700,3706,3718,3726,3731,3748,3790,3799,3836,3849,3872,3876,3886,3889,3916,3917,3919,3945,3954,3963,3965,3974,3984,3997,4000,4013,4025,4051,4052,4066,4078,4092,4147,4166,4172,4175,4200,4232,4238,4301,4312,4324,4344,4358,4380,4406,4407,4421,4451,4467,4475,4520,4524,4539,4544,4570,4584,4625,4651,4704,4707,4718,4760,4772,4778,4779,4781,4798,4824,4837,4862,4866,4938,4947,4978,5002,5013,5022,5093,5096,5149,5157,5177,5201,5202,5229,5240,5241,5260,5292,5350,5371,5406,5428,5435,5441,5450,5455,5468,5473,5504,5508,5511,5517,5534,5559,5566,5594,5600,5613,5614,5615,5638,5648,5653,5656,5697,5710,5711,5726,5727,5731,5741,5757,5760,5763,5796,5799,5815,5839,5916,5921,5924,5945,5978,6011,6020,6023,6054,6067,6121,6140,6149,6152,6163,6185,6199,6204,6205,6209,6228,6242,6251
22,25,47,50,71,84,124,136,146,158,161,164,174,208,216,249,336,355,363,376,378,390,396,446,448,540,546,569,584,657,668,672,786,793,796,802,815,819,866,869,872,992,993,1015,1044,1047,1122,1138,1242,1254,1274,1287,1303,1314,1391,1394,1400,1435,1473,1475,1499,1511,1587,1614,1639,1656,1711,1714,1747,1828,1843,1894,1958,2034,2056,2063,2089,2111,2170,2173,2220,2301,2325,2338,2379,2405,2419,2442,2452,2500,2530,2538,2551,2573,2623,2630,2732,2748,2766,2791,2868,2906,2915,2928,2992,3003,3008,3067,3201,3243,3329,3338,3436,3439,3462,3495,3504,3508,3533,3591,3637,3648,3754,3774,3805,3827,3877,3897,3918,3927,3929,3953,3964,4007,4019,4020,4045,4082,4093,4095,4103,4109,4169,4186,4187,4207,4268,4273,4318,4354,4377,4400,4409,4463,4498,4571,4581,4622,4680,4712,4765,4840,4858,4881,4885,4900,4912,4928,5000,5009,5021,5041,5069,5097,5187,5206,5232,5243,5282,5288,5317,5341,5356,5413,5438,5439,5448,5585,5620,5633,5687,5691,5701,5719,5738,5847,5888,5926,5952,5977,5992,6005,6018,6076,6078,6087,6104,6106,6154,6172,6208,6218,6253,6254,6274
85,128,194,238,245,280,294,431,493,514,522,597,630,673,842,892,944,982,983,1011,1048,1104,1105,1110,1187,1253,1267,1273,1319,1341,1363,1382,1417,1454,1461,1474,1546,1607,1636,1669,1684,1694,1754,1767,1872,1874,1875,1949,1956,2040,2193,2243,2280,2294,2314,2555,2563,2569,2660,2661,2812,2882,2978,2984,3011,3037,3066,3145,3153,3223,3301,3365,3380,3420,3554,3568,3610,3641,3660,3802,3884,4016,4053,4112,4131,4269,4289,4296,4300,4348,4452,4482,4654,4735,4745,5067,5071,5075,5088,5136,5252,5381,5396,5408,5433,5461,5483,5500,5503,5569,5684,5722,5848,5936,5939,6034,6057,6071,6084,6212,6247
3,7,8,11,13,19,20,24,26,31,33,35,38,40,46,52,53,55,56,59,62,64,66,67,69,70,73,74,76,78,80,81,83,87,88,89,90,91,92,93,97,98,105,106,108,111,112,120,125,127,131,132,144,148,149,151,152,154,156,163,168,169,170,175,185,186,187,189,191,193,195,196,197,198,199,200,201,202,203,210,214,217,219,222,225,228,229,230,231,235,236,237,246,247,248,250,258,259,260,264,267,268,269,270,271,272,275,278,281,283,286,291,296,299,302,307,308,310,320,325,330,333,334,335,337,339,340,341,343,345,347,349,353,354,356,358,359,364,365,368,370,371,379,381,384,386,389,391,393,394,395,397,399,402,403,404,405,406,410,413,414,415,417,418,420,423,435,436,437,440,443,444,450,451,452,453,454,455,456,458,460,463,466,467,469,472,475,476,479,482,483,487,491,492,495,496,497,499,503,504,505,510,512,515,518,520,528,530,531,532,535,537,539,543,544,547,548,549,551,553,562,564,565,567,570,572,575,576,579,582,588,589,591,592,593,594,599,602,606,607,611,613,615,618,620,625,626,629,632,633,634,635,636,639,640,644,647,649,650,652,655,658,661,665,667,669,671,678,681,684,685,686,690,692,693,698,701,703,705,706,707,709,711,713,716,717,719,725,726,727,733,734,735,739,741,742,744,746,747,748,749,757,763,767,769,770,773,774,775,778,779,782,783,785,788,790,794,795,798,800,804,806,811,812,816,820,821,823,826,830,831,833,835,836,837,838,839,840,841,845,849,851,854,857,861,862,865,868,873,876,877,878,879,882,883,886,887,888,889,890,891,899,908,909,910,912,914,916,917,918,919,922,923,926,927,928,929,930,935,936,948,950,953,956,962,965,967,968,970,971,979,984,986,991,996,1004,1008,1012,1014,1016,1018,1020,1021,1024,1026,1029,1033,1034,1035,1036,1038,1039,1049,1051,1052,1053,1054,1055,1057,1058,1060,1061,1062,1063,1070,1071,1072,1073,1074,1080,1083,1089,1092,1093,1095,1096,1098,1099,1101,1111,1112,1115,1116,1124,1125,1127,1128,1133,1136,1137,1139,1140,1142,1143,1146,1147,1150,1152,1157,1158,1161,1162,1165,1166,1169,1170,1175,1178,1182,1185,1186,1188,1189,1190,1191,1197,1202,1203,1205,1206,1207,1209,1210,1214,1217,1218,1222,1223,1225,1226,1228,1229,1235,1237,1241,1243,1244,1245,1246,1248,1251,1256,1258,1260,1263,1266,1269,1270,1275,1276,1277,1280,1281,1282,1286,1290,1292,1294,1297,1298,1301,1305,1306,1309,1310,1311,1316,1318,1320,1322,1325,1327,1328,1331,1332,1335,1338,1339,1342,1343,1344,1345,1352,1353,1354,1356,1358,1360,1361,1364,1366,1368,1369,1372,1377,1379,1381,1385,1387,1388,1393,1395,1397,1401,1403,1405,1406,1408,1414,1415,1416,1423,1425,1429,1430,1431,1432,1434,1437,1438,1444,1447,1448,1452,1453,1457,1458,1460,1465,1467,1468,1469,1471,1472,1477,1482,1483,1484,1485,1487,1488,1489,1490,1491,1492,1493,1494,1495,1500,1502,1503,1505,1510,1513,1514,1518,1520,1524,1527,1529,1530,1533,1534,1535,1537,1540,1541,1550,1551,1552,1553,1556,1557,1558,1560,1561,1565,1566,1567,1568,1569,1573,1574,1575,1577,1578,1579,1582,1583,1585,1596,1600,1602,1603,1611,1612,1615,1616,1617,1618,1619,1620,1626,1629,1635,1640,1644,1645,1650,1652,1653,1655,1657,1658,1659,1661,1662,1663,1666,1667,1670,1675,1677,1679,1680,1681,1682,1683,1687,1688,1691,1692,1697,1698,1699,1700,1706,1707,1708,1709,1712,1713,1718,1722,1726,1728,1729,1731,1732,1738,1739,1740,1741,1744,1745,1752,1757,1758,1759,1760,1761,1762,1765,1766,1772,1775,1776,1777,1778,1781,1782,1783,1785,1786,1787,1789,1793,1794,1795,1800,1802,1803,1804,1805,1806,1811,1814,1822,1823,1829,1830,1833,1834,1836,1839,1842,1846,1848,1849,1850,1853,1855,1858,1859,1860,1861,1863,1865,1870,1871,1873,1876,1880,1882,1887,1895,1898,1900,1903,1905,1907,1909,1910,1912,1913,1922,1923,1926,1927,1928,1929,1930,1932,1934,1935,1936,1937,1938,1939,1940,1941,1943,1946,1947,1948,1951,1952,1954,1957,1959,1960,1961,1964,1966,1976,1978,1979,1981,1983,1984,1987,1992,1993,1994,1995,1996,2000,2001,2002,2007,2008,2009,2011,2015,2018,2019,2023,2025,2030,2031,2035,2037,2041,2042,2044,2045,2046,2047,2048,2052,2057,2058,2059,2062,2066,2067,2068,2071,2074,2077,2078,2083,2084,2085,2087,2088,2091,2094,2099,2100,2101,2103,2107,2112,2115,2117,2120,2129,2130,2131,2132,2144,2147,2148,2150,2151,2153,2155,2158,2159,2160,2161,2162,2164,2165,2166,2169,2172,2176,2177,2178,2179,2180,2181,2182,2183,2184,2186,2188,2191,2194,2195,2198,2199,2201,2203,2204,2207,2210,2211,2214,2215,2217,2222,2225,2226,2227,2229,2230,2231,2234,2236,2240,2241,2242,2244,2248,2249,2251,2258,2260,2261,2265,2266,2267,2269,2270,2272,2273,2276,2277,2281,2292,2296,2299,2300,2304,2306,2308,2316,2322,2324,2326,2333,2335,2336,2339,2340,2342,2343,2344,2345,2349,2350,2351,2353,2358,2359,2360,2362,2363,2364,2365,2368,2370,2373,2374,2380,2381,2382,2391,2393,2395,2396,2397,2398,2399,2401,2402,2403,2404,2408,2409,2412,2415,2424,2426,2427,2430,2432,2441,2447,2450,2451,2453,2455,2456,2458,2459,2460,2463,2464,2466,2468,2469,2470,2476,2477,2479,2481,2482,2483,2485,2486,2489,2490,2491,2492,2496,2498,2502,2503,2504,2505,2507,2510,2515,2517,2518,2522,2523,2528,2532,2533,2534,2535,2536,2540,2541,2544,2545,2546,2548,2549,2550,2554,2557,2561,2568,2571,2572,2575,2576,2578,2579,2580,2582,2583,2586,2587,2594,2596,2597,2599,2601,2602,2604,2605,2606,2608,2610,2611,2614,2615,2616,2617,2618,2622,2632,2634,2635,2636,2638,2639,2640,2641,2643,2646,2648,2651,2653,2654,2655,2666,2668,2669,2670,2671,2672,2674,2675,2676,2677,2679,2680,2682,2684,2685,2687,2689,2690,2691,2693,2694,2695,2701,2702,2705,2706,2707,2708,2711,2712,2713,2714,2717,2724,2725,2726,2728,2734,2737,2738,2739,2740,2743,2749,2752,2756,2758,2759,2760,2762,2764,2767,2773,2778,2780,2782,2783,2785,2787,2788,2789,2792,2794,2796,2797,2798,2800,2804,2808,2809,2814,2815,2825,2828,2837,2839,2840,2841,2842,2843,2844,2845,2847,2848,2849,2850,2851,2852,2853,2858,2859,2860,2861,2863,2865,2866,2870,2873,2874,2875,2877,2878,2879,2880,2883,2884,2889,2890,2891,2895,2898,2899,2904,2907,2913,2917,2918,2919,2920,2923,2925,2929,2932,2934,2935,2939,2942,2943,2950,2953,2954,2955,2957,2964,2966,2967,2969,2973,2974,2975,2977,2980,2988,2989,2990,2993,2997,2998,3000,3001,3005,3006,3010,3013,3014,3017,3024,3026,3027,3029,3031,3033,3034,3036,3038,3039,3040,3042,3043,3044,3050,3052,3055,3056,3057,3058,3061,3069,3070,3076,3077,3082,3083,3088,3091,3093,3094,3096,3102,3103,3109,3112,3119,3121,3122,3124,3125,3126,3128,3131,3132,3134,3136,3138,3140,3141,3142,3144,3148,3150,3152,3154,3155,3156,3158,3160,3162,3166,3171,3172,3176,3178,3179,3181,3182,3186,3187,3189,3196,3200,3202,3203,3204,3206,3208,3209,3210,3213,3216,3217,3221,3229,3232,3233,3234,3237,3238,3242,3244,3246,3248,3252,3260,3261,3262,3266,3268,3270,3273,3276,3277,3281,3282,3284,3285,3288,3292,3293,3296,3297,3298,3300,3303,3305,3307,3314,3315,3318,3319,3321,3327,3328,3340,3343,3344,3345,3346,3348,3349,3350,3351,3354,3356,3358,3359,3362,3364,3373,3374,3378,3381,3382,3383,3384,3388,3390,3391,3392,3393,3394,3397,3407,3411,3412,3418,3419,3421,3422,3426,3428,3430,3431,3433,3437,3438,3441,3442,3445,3446,3453,3455,3456,3458,3459,3461,3467,3470,3471,3473,3474,3475,3477,3478,3479,3480,3483,3490,3491,3492,3494,3496,3497,3500,3501,3502,3505,3511,3512,3513,3514,3515,3525,3526,3534,3536,3538,3539,3540,3541,3544,3546,3547,3549,3550,3552,3553,3560,3563,3564,3565,3567,3571,3575,3577,3578,3587,3593,3595,3598,3600,3601,3604,3605,3612,3613,3614,3615,3616,3617,3620,3621,3622,3625,3626,3627,3632,3633,3634,3635,3639,3642,3643,3644,3645,3646,3651,3653,3658,3659,3661,3663,3669,3674,3676,3677,3678,3682,3683,3684,3686,3688,3689,3690,3691,3693,3695,3699,3704,3707,3710,3712,3713,3721,3724,3727,3729,3730,3732,3733,3734,3744,3745,3746,3749,3751,3753,3758,3761,3762,3766,3767,3768,3770,3772,3773,3775,3776,3777,3780,3781,3783,3784,3787,3791,3792,3793,3796,3797,3798,3800,3809,3811,3812,3814,3815,3817,3818,3821,3822,3823,3824,3826,3828,3829,3830,3832,3835,3839,3841,3844,3845,3846,3848,3850,3852,3855,3857,3858,3861,3864,3865,3866,3867,3871,3873,3875,3880,3887,3890,3891,3892,3896,3898,3901,3902,3903,3905,3907,3913,3920,3922,3928,3932,3933,3934,3937,3938,3939,3940,3948,3951,3955,3958,3959,3960,3962,3968,3970,3977,3982,3983,3985,3986,3987,3990,3992,3994,3995,3998,4001,4005,4008,4009,4011,4012,4014,4018,4021,4026,4027,4030,4032,4033,4035,4036,4037,4044,4046,4048,4050,4054,4055,4056,4059,4060,4061,4063,4076,4077,4080,4081,4083,4086,4089,4096,4098,4099,4102,4104,4105,4106,4108,4110,4111,4113,4114,4121,4122,4123,4125,4127,4128,4130,4133,4134,4138,4139,4140,4141,4143,4146,4148,4150,4152,4154,4155,4156,4161,4164,4174,4176,4178,4180,4183,4184,4185,4189,4193,4195,4196,4197,4198,4199,4201,4202,4203,4205,4208,4211,4213,4217,4219,4220,4227,4229,4231,4234,4237,4239,4240,4248,4249,4252,4256,4257,4258,4260,4261,4266,4267,4271,4275,4276,4277,4281,4282,4286,4288,4291,4292,4293,4294,4297,4298,4299,4302,4303,4305,4306,4311,4313,4314,4317,4321,4322,4325,4326,4328,4335,4341,4342,4343,4345,4347,4349,4351,4355,4359,4360,4364,4365,4366,4367,4369,4376,4378,4379,4382,4385,4386,4388,4389,4395,4402,4405,4408,4410,4411,4412,4413,4414,4417,4426,4430,4434,4442,4447,4448,4453,4464,4465,4470,4471,4472,4474,4477,4489,4490,4491,4492,4494,4495,4497,4499,4501,4505,4506,4507,4509,4511,4514,4518,4519,4525,4528,4529,4531,4532,4534,4536,4538,4541,4542,4547,4553,4554,4556,4557,4559,4560,4561,4564,4572,4574,4577,4583,4585,4587,4590,4591,4592,4594,4595,4597,4598,4604,4606,4607,4608,4609,4611,4612,4613,4614,4615,4616,4617,4618,4619,4621,4628,4632,4635,4639,4642,4644,4645,4646,4649,4652,4655,4656,4660,4661,4662,4663,4664,4666,4667,4669,4670,4671,4672,4673,4676,4677,4678,4681,4694,4697,4698,4699,4703,4721,4723,4724,4727,4731,4732,4736,4738,4739,4742,4743,4744,4751,4756,4759,4761,4762,4769,4771,4774,4775,4776,4777,4780,4783,4785,4791,4794,4795,4796,4797,4800,4802,4803,4806,4810,4813,4814,4815,4818,4822,4825,4828,4829,4830,4832,4836,4839,4846,4849,4850,4853,4857,4859,4860,4863,4865,4868,4869,4872,4876,4879,4882,4883,4888,4890,4894,4895,4897,4901,4903,4910,4913,4914,4915,4920,4926,4932,4936,4942,4945,4949,4950,4952,4953,4955,4959,4962,4965,4966,4970,4971,4973,4974,4975,4977,4979,4982,4984,4985,4986,4988,4993,4996,4998,4999,5004,5006,5011,5012,5014,5015,5016,5019,5020,5028,5029,5031,5032,5033,5035,5036,5038,5039,5042,5044,5046,5047,5050,5051,5055,5056,5060,5063,5065,5066,5072,5079,5080,5082,5083,5085,5090,5091,5092,5094,5095,5102,5105,5106,5107,5108,5109,5111,5113,5114,5115,5116,5118,5121,5125,5126,5127,5129,5130,5138,5140,5141,5142,5144,5145,5147,5151,5152,5154,5155,5160,5161,5166,5169,5171,5174,5176,5179,5190,5197,5199,5200,5203,5207,5208,5210,5211,5218,5219,5220,5223,5224,5225,5230,5236,5237,5238,5239,5242,5249,5257,5262,5263,5264,5266,5269,5270,5272,5274,5276,5277,5279,5280,5283,5284,5286,5290,5294,5296,5302,5305,5306,5307,5315,5316,5320,5324,5326,5331,5332,5333,5336,5337,5340,5344,5345,5346,5347,5348,5349,5352,5353,5354,5360,5364,5365,5369,5370,5372,5373,5374,5375,5377,5378,5382,5386,5387,5388,5389,5392,5395,5400,5401,5404,5407,5410,5418,5423,5424,5426,5427,5429,5431,5432,5436,5437,5440,5442,5444,5445,5446,5453,5460,5462,5463,5464,5466,5467,5469,5472,5475,5478,5482,5484,5486,5487,5489,5493,5494,5497,5498,5499,5502,5506,5512,5514,5515,5519,5520,5521,5525,5529,5530,5531,5532,5535,5537,5538,5541,5542,5543,5545,5548,5550,5552,5554,5556,5557,5558,5562,5563,5568,5570,5574,5577,5587,5588,5589,5590,5591,5592,5597,5598,5599,5602,5605,5612,5616,5618,5621,5622,5624,5627,5628,5630,5631,5635,5636,5637,5641,5642,5644,5645,5650,5654,5657,5659,5660,5666,5667,5670,5671,5672,5675,5676,5678,5680,5686,5690,5694,5696,5698,5699,5702,5705,5708,5712,5716,5718,5725,5728,5729,5732,5734,5740,5743,5744,5747,5748,5749,5751,5752,5753,5755,5759,5761,5766,5768,5770,5778,5780,5785,5786,5787,5788,5789,5794,5797,5798,5800,5801,5806,5812,5813,5816,5822,5823,5824,5825,5826,5830,5832,5833,5838,5840,5841,5842,5843,5849,5850,5851,5852,5855,5860,5867,5868,5872,5876,5878,5880,5881,5883,5884,5892,5893,5895,5896,5897,5906,5908,5910,5912,5914,5915,5917,5920,5922,5928,5931,5933,5935,5940,5941,5943,5948,5949,5956,5960,5961,5962,5965,5966,5970,5972,5974,5976,5980,5982,5983,5987,5991,5994,5995,5996,5999,6002,6003,6004,6009,6012,6015,6017,6019,6021,6024,6025,6031,6033,6035,6036,6038,6039,6042,6044,6046,6048,6049,6050,6052,6056,6058,6061,6062,6063,6064,6065,6066,6068,6070,6073,6079,6081,6083,6085,6086,6091,6093,6095,6101,6103,6110,6113,6115,6117,6119,6122,6130,6132,6134,6135,6138,6139,6141,6143,6145,6146,6151,6159,6160,6161,6162,6164,6169,6171,6173,6179,6180,6181,6182,6183,6184,6187,6188,6189,6190,6192,6194,6196,6197,6198,6200,6202,6207,6210,6211,6215,6227,6230,6233,6235,6236,6237,6238,6239,6243,6244,6246,6248,6249,6255,6256,6257,6262,6263,6264,6265,6266,6267,6268,6271,6272
14,49,54,63,86,100,104,119,134,139,141,171,192,205,215,239,243,261,287,301,314,329,351,360,361,362,382,442,445,490,501,519,523,556,557,559,571,573,580,585,586,609,617,619,642,663,722,728,743,752,765,797,814,818,827,829,843,852,860,867,881,902,904,921,987,1000,1001,1002,1031,1032,1045,1068,1079,1107,1113,1141,1167,1174,1199,1204,1220,1239,1255,1264,1279,1284,1291,1293,1296,1355,1380,1383,1392,1402,1427,1439,1441,1481,1523,1547,1554,1555,1563,1571,1592,1608,1622,1623,1647,1654,1689,1702,1703,1743,1748,1837,1845,1885,1924,1942,1980,1990,2010,2013,2054,2069,2070,2076,2092,2105,2109,2114,2116,2118,2128,2146,2149,2168,2205,2250,2284,2285,2287,2328,2331,2341,2372,2384,2386,2400,2472,2493,2506,2508,2560,2566,2584,2588,2589,2591,2592,2603,2607,2612,2625,2633,2662,2664,2729,2750,2757,2781,2793,2795,2807,2831,2854,2856,2864,2887,2894,2931,2941,2958,2965,2991,3012,3032,3041,3071,3072,3074,3099,3105,3115,3117,3118,3147,3185,3193,3207,3219,3226,3272,3279,3330,3334,3335,3398,3406,3415,3417,3423,3424,3427,3434,3448,3463,3468,3469,3472,3520,3551,3559,3590,3640,3655,3687,3708,3719,3743,3786,3808,3838,3859,3862,3874,3881,3895,3909,3921,3936,3941,3950,3981,3991,4004,4015,4034,4043,4084,4085,4117,4119,4145,4160,4173,4236,4254,4255,4262,4329,4332,4339,4353,4356,4381,4383,4399,4401,4403,4437,4443,4444,4476,4479,4486,4502,4508,4540,4582,4596,4603,4626,4648,4685,4700,4705,4714,4746,4753,4799,4804,4808,4821,4838,4851,4854,4856,4864,4870,4873,4889,4906,4919,4930,4946,4967,4983,4997,5030,5040,5068,5074,5077,5081,5103,5119,5123,5143,5146,5148,5162,5184,5186,5189,5191,5193,5196,5205,5212,5234,5261,5268,5289,5295,5304,5310,5343,5376,5379,5398,5425,5449,5451,5459,5491,5510,5516,5523,5547,5561,5586,5606,5608,5626,5640,5647,5649,5665,5679,5681,5689,5706,5782,5791,5793,5803,5831,5846,5858,5898,5909,5918,5923,5929,5959,5981,5985,5988,6107,6108,6114,6118,6125,6126,6131,6153,6158,6217,6224,6232,6245
37,48,60,68,135,137,142,172,211,226,257,273,295,331,346,352,367,374,430,433,462,474,480,502,509,560,583,605,631,664,676,720,736,738,759,766,789,809,832,853,895,905,943,947,958,963,980,988,1066,1086,1090,1121,1149,1156,1172,1195,1200,1262,1304,1329,1336,1349,1351,1412,1426,1450,1480,1517,1591,1606,1630,1660,1673,1704,1716,1768,1808,1812,1820,1825,1844,1866,1867,1877,1893,1904,1972,2006,2016,2141,2187,2212,2245,2283,2347,2361,2366,2371,2375,2394,2420,2428,2465,2467,2509,2514,2537,2547,2609,2613,2659,2678,2698,2715,2727,2744,2799,2817,2832,2833,2834,2897,2901,2905,2914,2933,2962,2970,2995,3049,3062,3075,3106,3108,3192,3230,3251,3289,3323,3326,3341,3342,3368,3372,3410,3447,3454,3518,3522,3548,3558,3584,3589,3652,3657,3664,3672,3681,3697,3698,3715,3785,3794,3801,3813,3885,3906,3908,3946,3969,4023,4049,4073,4129,4163,4167,4182,4209,4212,4233,4242,4245,4253,4308,4323,4357,4392,4416,4418,4436,4446,4481,4487,4488,4510,4522,4526,4545,4567,4569,4586,4600,4602,4627,4633,4665,4686,4690,4696,4710,4719,4734,4757,4763,4766,4805,4811,4826,4833,4842,4871,4907,4911,4924,4939,4954,5037,5089,5100,5137,5181,5183,5222,5226,5253,5254,5265,5285,5303,5321,5366,5405,5458,5522,5524,5572,5573,5580,5604,5617,5658,5682,5721,5737,5745,5817,5834,5835,5875,5891,5958,5963,5968,5975,6006,6028,6041,6055,6099,6124,6137,6157,6195,6226,6229,6270
6,82,114,116,126,133,150,157,160,177,218,220,253,254,265,313,321,327,387,412,428,481,485,507,513,525,534,538,604,627,651,654,662,697,699,723,750,754,756,799,817,822,858,893,949,972,975,981,994,997,998,1003,1019,1028,1056,1085,1091,1159,1160,1249,1257,1265,1313,1433,1486,1516,1538,1549,1589,1590,1610,1753,1817,1826,1832,1841,1854,1857,1883,1917,1918,1991,2005,2038,2050,2064,2065,2098,2136,2163,2167,2219,2238,2252,2259,2282,2303,2310,2313,2329,2388,2389,2390,2392,2407,2425,2438,2445,2448,2471,2473,2474,2529,2593,2598,2628,2649,2663,2665,2765,2803,2811,2826,2857,2885,2888,2910,2922,2960,3045,3113,3159,3163,3195,3212,3220,3225,3241,3255,3287,3290,3295,3366,3377,3389,3400,3409,3413,3435,3450,3476,3481,3498,3521,3527,3580,3631,3647,3705,3740,3819,3825,3834,3851,3868,3882,3894,3935,3952,3957,3979,4003,4038,4042,4057,4072,4087,4168,4170,4215,4216,4230,4247,4315,4316,4340,4368,4397,4433,4439,4441,4454,4469,4484,4496,4503,4516,4527,4530,4580,4624,4638,4692,4715,4755,4758,4764,4893,4898,4904,4951,4960,4969,4972,4994,5003,5023,5045,5048,5059,5124,5195,5248,5275,5291,5300,5311,5339,5411,5485,5555,5595,5603,5607,5610,5611,5663,5669,5735,5739,5764,5809,5894,5905,5938,5950,5954,5964,5973,5989,6088,6273
0,2,4,5,9,10,12,16,21,23,27,28,30,32,43,44,57,61,65,94,99,107,109,110,117,118,121,123,129,130,138,147,155,159,162,166,167,173,178,180,181,188,204,206,207,221,227,242,244,252,255,256,262,276,279,282,284,285,289,290,292,293,298,300,303,305,306,309,311,312,316,318,323,324,328,332,338,342,348,357,366,372,373,375,377,383,388,398,400,401,408,409,416,419,421,422,425,434,441,459,465,470,473,478,484,486,498,511,517,524,533,545,550,554,555,561,563,568,578,581,595,596,603,612,614,621,623,624,637,643,645,646,648,656,659,660,674,677,679,682,683,687,688,689,691,694,695,696,700,704,710,712,715,718,729,730,731,732,737,745,751,771,772,777,780,784,787,791,801,803,807,808,810,813,824,834,844,847,856,859,874,875,884,885,897,898,901,906,911,913,920,924,931,933,938,940,941,951,955,959,966,969,976,990,1005,1006,1007,1009,1010,1025,1027,1041,1042,1046,1059,1064,1065,1067,1076,1077,1078,1081,1088,1094,1097,1100,1114,1118,1119,1120,1123,1131,1132,1134,1145,1148,1155,1163,1168,1173,1177,1181,1183,1184,1192,1194,1198,1201,1211,1213,1216,1221,1224,1227,1232,1233,1240,1250,1261,1271,1283,1288,1295,1299,1300,1307,1308,1312,1315,1321,1323,1324,1334,1337,1340,1357,1359,1362,1365,1367,1371,1373,1376,1378,1384,1390,1396,1398,1399,1410,1413,1418,1421,1422,1424,1428,1440,1442,1443,1445,1451,1476,1478,1496,1498,1504,1506,1509,1512,1515,1521,1526,1528,1531,1532,1542,1544,1545,1548,1559,1564,1570,1572,1576,1580,1581,1593,1594,1597,1599,1605,1613,1621,1628,1631,1632,1637,1638,1642,1643,1648,1651,1664,1668,1671,1672,1693,1696,1701,1710,1721,1723,1725,1727,1730,1733,1734,1735,1742,1750,1756,1764,1769,1770,1773,1774,1779,1780,1784,1788,1792,1797,1798,1807,1809,1813,1815,1818,1819,1821,1831,1838,1840,1847,1852,1856,1862,1864,1868,1878,1879,1881,1886,1890,1891,1892,1899,1901,1902,1906,1908,1911,1914,1915,1916,1920,1921,1925,1931,1933,1944,1953,1955,1962,1969,1973,1974,1977,1982,1988,1989,1998,1999,2004,2014,2020,2021,2022,2024,2027,2032,2033,2036,2039,2043,2049,2053,2055,2060,2061,2072,2075,2079,2090,2093,2096,2102,2108,2110,2113,2121,2122,2126,2133,2134,2135,2138,2139,2140,2143,2145,2156,2157,2171,2175,2192,2197,2200,2209,2218,2223,2228,2232,2233,2235,2237,2239,2246,2247,2255,2256,2257,2262,2263,2264,2268,2271,2274,2278,2286,2288,2289,2291,2293,2297,2307,2309,2311,2315,2318,2327,2330,2332,2348,2354,2357,2367,2377,2387,2406,2411,2413,2414,2417,2418,2421,2423,2429,2431,2433,2434,2435,2436,2440,2444,2446,2449,2457,2461,2475,2484,2488,2494,2495,2499,2501,2513,2516,2519,2520,2524,2526,2527,2539,2543,2556,2564,2565,2577,2595,2600,2619,2626,2627,2631,2637,2642,2644,2645,2647,2652,2656,2657,2667,2673,2686,2697,2699,2700,2703,2704,2709,2716,2719,2720,2722,2730,2733,2735,2736,2742,2747,2751,2754,2755,2763,2768,2772,2776,2779,2786,2790,2802,2816,2820,2821,2823,2827,2835,2836,2838,2846,2855,2871,2881,2892,2893,2903,2911,2912,2924,2926,2927,2936,2937,2940,2944,2945,2947,2948,2949,2952,2961,2963,2971,2972,2979,2981,2982,2987,2996,2999,3002,3015,3018,3019,3020,3021,3023,3025,3051,3053,3059,3064,3065,3073,3080,3081,3084,3085,3087,3090,3095,3097,3101,3104,3107,3110,3116,3120,3127,3129,3137,3139,3143,3161,3164,3165,3167,3169,3170,3173,3175,3177,3183,3188,3190,3191,3197,3198,3205,3214,3218,3222,3224,3227,3235,3236,3240,3245,3254,3256,3257,3258,3264,3265,3269,3271,3274,3280,3283,3291,3299,3304,3309,3316,3317,3320,3322,3332,3333,3336,3337,3347,3360,3361,3367,3369,3370,3375,3376,3385,3386,3387,3395,3401,3408,3416,3425,3429,3440,3443,3444,3449,3457,3464,3466,3482,3484,3485,3486,3489,3493,3499,3503,3506,3509,3510,3516,3519,3528,3535,3537,3542,3543,3556,3566,3569,3573,3576,3582,3594,3597,3603,3606,3607,3608,3618,3624,3628,3629,3638,3650,3654,3662,3666,3667,3668,3670,3673,3679,3680,3685,3692,3694,3701,3702,3709,3711,3714,3716,3720,3722,3723,3725,3736,3737,3738,3739,3742,3750,3752,3755,3757,3759,3760,3765,3778,3782,3788,3789,3795,3804,3807,3810,3816,3820,3831,3833,3837,3840,3842,3847,3853,3854,3856,3860,3863,3869,3870,3878,3879,3883,3899,3900,3904,3911,3912,3914,3915,3923,3924,3925,3926,3930,3931,3943,3944,3947,3949,3956,3961,3966,3972,3973,3976,3978,3980,3988,3993,3996,3999,4002,4006,4010,4017,4022,4024,4028,4031,4040,4041,4047,4062,4065,4067,4070,4071,4075,4091,4094,4107,4115,4124,4126,4132,4136,4149,4153,4157,4159,4162,4171,4179,4181,4188,4190,4191,4192,4204,4210,4218,4221,4224,4226,4228,4235,4244,4246,4264,4265,4270,4274,4278,4279,4280,4283,4285,4287,4290,4295,4309,4310,4320,4327,4330,4336,4337,4338,4346,4352,4361,4362,4363,4370,4371,4372,4374,4384,4390,4391,4393,4396,4398,4404,4419,4420,4422,4423,4424,4425,4428,4435,4440,4445,4450,4455,4457,4459,4460,4461,4462,4466,4468,4478,4483,4485,4493,4504,4512,4515,4517,4523,4533,4535,4537,4543,4546,4548,4549,4550,4551,4552,4555,4558,4563,4566,4568,4575,4576,4579,4589,4593,4599,4605,4631,4634,4636,4637,4650,4653,4659,4674,4679,4683,4684,4687,4688,4693,4701,4702,4708,4709,4711,4713,4716,4717,4725,4726,4733,4737,4740,4741,4747,4748,4749,4750,4752,4754,4767,4768,4770,4784,4786,4787,4788,4789,4792,4807,4812,4816,4817,4819,4820,4823,4827,4831,4834,4835,4843,4844,4848,4852,4855,4875,4877,4880,4886,4887,4892,4896,4899,4902,4905,4908,4909,4917,4925,4927,4929,4933,4934,4940,4941,4943,4956,4957,4958,4961,4964,4968,4976,4981,4990,4992,4995,5001,5005,5007,5017,5018,5024,5026,5027,5034,5043,5053,5054,5058,5061,5064,5070,5078,5084,5086,5110,5117,5120,5122,5128,5132,5133,5134,5135,5139,5150,5153,5156,5158,5159,5163,5164,5170,5173,5175,5180,5182,5192,5194,5198,5204,5209,5213,5215,5216,5221,5231,5235,5245,5246,5247,5250,5251,5256,5258,5273,5278,5287,5293,5297,5298,5308,5313,5314,5319,5322,5323,5325,5327,5328,5330,5338,5342,5351,5357,5358,5359,5361,5362,5363,5368,5380,5384,5385,5393,5394,5397,5402,5403,5409,5414,5415,5416,5419,5421,5430,5434,5452,5456,5457,5465,5470,5471,5477,5479,5481,5488,5490,5495,5505,5507,5509,5513,5527,5544,5546,5551,5553,5560,5564,5567,5575,5576,5578,5579,5581,5582,5583,5593,5596,5601,5609,5623,5625,5629,5632,5639,5646,5651,5652,5661,5668,5674,5677,5683,5688,5693,5695,5700,5703,5704,5707,5709,5713,5714,5717,5720,5730,5733,5736,5746,5754,5756,5758,5765,5767,5769,5771,5774,5775,5776,5777,5779,5790,5795,5802,5804,5807,5808,5810,5811,5818,5819,5827,5837,5844,5845,5853,5856,5857,5859,5861,5862,5864,5865,5869,5873,5874,5877,5879,5882,5886,5889,5890,5899,5901,5903,5907,5911,5913,5919,5927,5930,5932,5937,5944,5946,5947,5953,5955,5957,5967,5971,5979,5984,5990,5997,5998,6000,6001,6010,6013,6014,6016,6022,6027,6030,6032,6037,6040,6043,6045,6047,6053,6059,6060,6069,6072,6074,6077,6082,6090,6092,6094,6096,6097,6098,6100,6105,6111,6112,6116,6120,6128,6129,6133,6136,6144,6147,6148,6156,6166,6167,6168,6170,6174,6175,6178,6186,6191,6193,6201,6203,6206,6213,6216,6219,6220,6222,6223,6231,6240,6252,6258,6261,6269
18,36,42,45,79,101,153,209,241,251,263,266,322,424,427,438,461,471,508,541,577,601,608,616,666,714,753,764,871,880,894,907,934,937,946,952,973,974,1043,1087,1102,1103,1130,1153,1176,1212,1234,1247,1259,1285,1330,1389,1407,1409,1420,1459,1470,1501,1539,1595,1604,1609,1674,1676,1686,1717,1749,1816,1824,1827,1897,1919,1965,1985,1997,2029,2051,2080,2104,2119,2123,2154,2185,2189,2221,2253,2254,2302,2312,2319,2321,2323,2383,2487,2531,2562,2621,2650,2658,2683,2746,2753,2775,2784,2805,2822,2872,2876,2909,2946,2959,2986,3007,3009,3022,3030,3060,3086,3092,3098,3114,3146,3199,3239,3249,3250,3259,3302,3308,3311,3313,3325,3355,3379,3517,3523,3524,3557,3570,3574,3579,3585,3586,3592,3602,3609,3611,3619,3630,3656,3665,3735,3741,3747,3756,3763,3764,3771,3779,3803,3806,3843,3888,3942,3967,3989,4029,4068,4069,4074,4088,4090,4101,4118,4120,4135,4158,4177,4214,4223,4243,4272,4284,4333,4350,4373,4375,4427,4429,4438,4456,4458,4473,4480,4588,4620,4629,4643,4647,4689,4695,4706,4722,4729,4841,4845,4847,4867,4874,4891,4916,4918,4922,4931,4963,5010,5049,5057,5062,5087,5101,5167,5172,5214,5244,5281,5299,5301,5309,5318,5335,5355,5367,5383,5417,5454,5474,5480,5496,5518,5526,5571,5643,5655,5662,5685,5724,5762,5773,5792,5805,5814,5821,5854,5866,5870,5885,5900,5904,5942,5986,5993,6007,6080,6127,6142,6165,6176,6234,6250
1,34,39,51,58,72,75,96,102,113,140,143,145,165,176,182,184,212,213,234,240,288,297,304,315,317,319,350,385,407,429,432,439,449,457,464,468,477,488,516,521,526,527,529,542,566,574,587,590,598,610,622,638,670,675,680,702,708,721,755,758,760,761,768,781,792,805,825,846,848,850,855,863,870,896,900,903,915,932,939,942,957,960,964,977,978,999,1013,1022,1023,1037,1050,1069,1075,1082,1084,1106,1108,1109,1126,1144,1151,1154,1171,1179,1180,1196,1219,1230,1231,1236,1268,1278,1289,1317,1333,1346,1348,1350,1411,1436,1446,1449,1455,1464,1466,1479,1507,1508,1519,1522,1543,1598,1625,1627,1641,1646,1678,1690,1705,1719,1720,1724,1736,1737,1751,1763,1799,1801,1810,1851,1869,1884,1896,1945,1967,1968,1971,1975,1986,2012,2017,2028,2073,2082,2086,2097,2124,2125,2127,2137,2152,2190,2206,2208,2213,2216,2279,2298,2317,2337,2352,2355,2376,2385,2410,2422,2437,2443,2478,2497,2521,2553,2570,2585,2590,2629,2688,2696,2718,2723,2741,2745,2769,2774,2801,2813,2824,2867,2900,2908,2916,2921,2951,2968,2976,2983,2994,3016,3035,3046,3047,3063,3068,3079,3089,3100,3111,3130,3151,3157,3180,3215,3228,3253,3263,3278,3294,3331,3339,3357,3363,3396,3399,3402,3404,3432,3451,3452,3487,3507,3530,3531,3532,3545,3561,3572,3581,3623,3649,3675,3703,3717,3728,3769,3893,3910,3971,3975,4039,4058,4064,4079,4097,4100,4116,4137,4142,4144,4151,4165,4194,4206,4222,4225,4241,4250,4251,4259,4263,4304,4307,4319,4331,4334,4387,4394,4415,4431,4432,4449,4500,4513,4521,4562,4565,4573,4578,4601,4610,4623,4630,4640,4641,4657,4658,4668,4675,4682,4691,4720,4728,4730,4773,4782,4790,4793,4801,4809,4861,4878,4884,4921,4923,4935,4937,4944,4948,4980,4987,4989,4991,5008,5025,5052,5073,5076,5098,5099,5104,5112,5131,5165,5168,5178,5185,5188,5217,5227,5228,5233,5255,5259,5267,5271,5312,5329,5334,5390,5391,5399,5412,5420,5422,5443,5447,5476,5492,5501,5528,5533,5536,5539,5540,5549,5565,5584,5619,5634,5664,5673,5692,5715,5723,5742,5750,5772,5781,5783,5784,5820,5828,5829,5836,5863,5871,5887,5902,5925,5934,5951,5969,6008,6026,6029,6051,6075,6089,6102,6109,6123,6150,6155,6177,6214,6221,6225,6241,6259,6260
